ProductID,Brand,ProductName,CategoryId,ProductPageUrl,AvgRating,TotalReviewCount,RecommendedCount,TotalPhotoCount,RatingDist_1,RatingDist_2,RatingDist_3,RatingDist_4,RatingDist_5
P520680,REFY,Skin Base Hydrating Gel Skin Tint with Hyaluronic Acid,cat60010,https://www.sephora.com/product/skin-base-hydrating-gel-skin-tint-with-hyaluronic-acid-P520680,5.0,23,23,10,0,0,0,0,23
P510384,Hello Sunday,The Shimmer One SPF 45 Face and Body Mineral Sunscreen Glow Stick with Hyaluronic Acid,cat920033,https://www.sephora.com/product/hello-sunday-the-shimmer-one-spf-45-face-body-mineral-glow-stick-with-hyaluronic-acid-P510384,4.461538461538462,65,58,60,2,2,3,15,43
P514189,N?cessaire,The Body Lotion Hinoki ? Firming Lotion With 5 Peptides + 2.5% Niacinamide,cat60163,https://www.sephora.com/product/necessaire-the-body-lotion-hinoki-firming-lotion-with-5-peptides-2-5-niacinamide-P514189,4.814814814814815,216,209,37,1,3,4,19,189
P479840,First Aid Beauty,Ultra Repair Hydrate + Depuff Eye Cream with Hyaluronic Acid,cat60107,https://www.sephora.com/product/first-aid-beauty-hydrating-eye-cream-with-hyaluronic-acid-P479840,3.802325581395349,172,125,55,26,8,18,42,78
P482698,LANEIGE,Water Bank Blue Hyaluronic Exfoliating Toner,cat60101,https://www.sephora.com/product/laneige-water-bank-blue-hyaluronic-exfoliating-toner-P482698,4.51063829787234,47,42,4,1,4,1,5,36
P516361,Shiseido,Ultimate Sun Protector Lotion Mineral SPF 60+ Sunscreen,cat920033,https://www.sephora.com/product/ultimate-sun-protector-lotion-mineral-spf-60-sunscreen-P516361,4.567729083665339,502,467,214,6,10,22,119,345
P503891,innisfree,Green Tea Hyaluronic Acid Hydrating Cream for Skin Barrier Repair?,cat60097,https://www.sephora.com/product/green-tea-seed-hyaluronic-acid-hydrating-cream-P503891,4.539559014267185,771,687,142,39,22,27,79,604
P516222,ISDIN,Fusion Water Magic SPF 40 Sunscreen with Hyaluronic Acid and Vitamin E,cat920033,https://www.sephora.com/product/fusion-water-magic-spf-40-sunscreen-with-hyaluronic-acid-vitamin-e-P516222,4.807817589576548,307,296,76,4,1,7,26,269
P510971,Glow Recipe,Watermelon Glow Niacinamide Dew Balm Face Sunscreen Stick- SPF 45,cat920033,https://www.sephora.com/product/glow-recipe-watermelon-glow-niacinamide-dew-balm-sunscreen-stick-spf-45-P510971,4.1633587786259545,655,530,180,55,47,37,113,403
P520792,Torriden,DIVE IN 5D Hyaluronic Acid Intensive Layering Serum with Panthenol 5%,cat60097,https://www.sephora.com/product/dive-in-5d-hyaluronic-acid-intensive-serum-P520792,4.900398406374502,251,250,88,0,1,1,20,229
P512962,The Ordinary,The Resurface & Hydrate Set with Hyaluronic Acid Serum + AHA,cat60105,https://www.sephora.com/product/the-ordinary-the-resurface-hydrate-set-with-hyaluronic-acid-aha-P512962,4.607692307692307,130,118,26,4,4,6,11,105
P510085,Lion Pose,Unghosted 100% Mineral Sunscreen SPF 42 with Zinc & Squalane,cat920033,https://www.sephora.com/product/lion-pose-unghosted-100-mineral-sunscreen-spf-42-with-zinc-and-squalane-P510085,4.2250922509225095,271,226,330,6,13,40,67,145
P510999,Kosas,Hotliner Hyaluronic Acid Contouring Lip Liner,cat60051,https://www.sephora.com/product/kosas-hotliner-hyaluronic-acid-contouring-lip-liner-P510999,4.498281786941581,291,267,212,8,9,18,51,205
P510366,Salt & Stone,Bergamot & Hinoki Nourishing Hand Cream with Niacinamide + Seaweed Extract,cat60176,https://www.sephora.com/product/salt-stone-bergamot-hinoki-nourishing-hand-cream-with-niacinamide-seaweed-extract-P510366,4.0,43,31,13,3,4,7,5,24
P513271,Sarah Creal,Moisture Source Brightening and Hydrating Essence with Hyaluronic Acid,cat60101,https://www.sephora.com/product/sarah-creal-moisture-source-brightening-hydrating-essence-with-hyaluronic-acid-P513271,4.6,105,94,33,2,4,7,8,84
P511259,Peter Thomas Roth,Water Drench® Hyaluronic Cloud Sheer Tint Moisturizer Broad Spectrum Sunscreen SPF 45,cat920033,https://www.sephora.com/product/peter-thomas-roth-water-drench-r-hyaluronic-cloud-sheer-tint-moisturizer-broad-spectrum-spf-45-P511259,4.574712643678161,261,230,80,9,8,14,23,207
P471226,Caudalie,Vinoperfect Brightening Refillable Moisturizer with Niacinamide,cat60097,https://www.sephora.com/product/caudalie-vinoperfect-instant-brightening-moisturizer-with-niacinamide-P471226,4.490861618798956,1149,1024,365,49,37,50,178,835
P516499,Sol de Janeiro,Mini Rio Radiance™ SPF 50 Body Spray Sunscreen with Niacinamide,cat920035,https://www.sephora.com/product/mini-rio-radiance-tm-spf-50-body-spray-sunscreen-with-niacinamide-P516499,3.2857142857142856,7,4,2,2,1,0,1,3
P503726,Sunday Riley,B3 Nice 10% Niacinamide Serum,cat60103,https://www.sephora.com/product/sunday-riley-b3-nice-10-niacinamide-serum-P503726,4.617400419287212,954,888,293,33,18,23,133,747
P467249,Fenty Beauty by Rihanna,Hydra Vizor Refillable Invisible Face Moisturizer SPF 30 with Niacinamide,cat920033,https://www.sephora.com/product/fenty-skin-hydra-vizor-moisturizer-broad-spectrum-spf-30-sunscreen-P467249,4.215990453460621,1676,1374,706,90,111,166,289,1020
P516370,Augustinus Bader,The Mineral Sunscreen SPF 50,cat920033,https://www.sephora.com/product/the-mineral-sunscreen-spf-50-P516370,4.515625,320,290,320,12,5,16,60,227
P67617,tarte,Amazonian clay lightweight BB tinted moisturizer Broad Spectrum SPF 20 Sunsceen,cat60010,https://www.sephora.com/product/amazonian-clay-bb-tinted-moisturizer-broad-spectrum-spf-20-sunscreen-P67617,4.222944550669216,2615,372,18,127,175,214,571,1528
P514497,LANEIGE,Water Bank Gentle Gel Cleanser with Hyaluronic Acid,cat60099,https://www.sephora.com/product/waterbank-foaming-gel-cleanser-with-hyaluronic-acid-P514497,4.646757679180888,586,553,148,14,8,16,95,453
P411388,Youth To The People,Superfood Air-Whip Lightweight Face Moisturizer with Hyaluronic Acid,cat60097,https://www.sephora.com/product/kale-spinach-hyaluronic-acid-age-prevention-cream-P411388,4.282502810041214,2669,2270,878,217,98,112,529,1713
P510476,Salt & Stone,Santal & Vetiver Nourishing Hand Cream with Niacinamide + Seaweed Extract,cat60176,https://www.sephora.com/product/salt-stone-santal-vetiver-nourishing-hand-cream-with-niacinamide-seaweed-extract-P510476,4.0,35,24,14,3,5,3,2,22
P515111,Supergoop!,Mini Unseen Sunscreen SPF 50 Invisible Sun Protection for Face,cat920033,https://www.sephora.com/product/supergoop-mini-unseen-sunscreen-spf-50-invisible-sun-protection-for-face-P515111,3.90625,32,23,3,6,2,2,1,21
P510386,Clarins,UV Plus Anti-Pollution Antioxidant Face Sunscreen SPF 50,cat920033,https://www.sephora.com/product/clarins-uv-plus-anti-pollution-antioxidant-face-sunscreen-spf-50-P510386,4.181818181818182,11,8,1,1,0,2,1,7
P521640,Hanyul,Yuja Brightening 2-in-1 Mask to Foam Cleanser with Vitamin C + Niacinamide,cat1230033,https://www.sephora.com/product/hanyul-yuja-brightening-2-in-1-mask-to-foam-cleanser-with-vitamin-c-niacinamide-P521640,4.879432624113475,141,140,37,0,0,3,11,127
P517101,YSE Beauty,Skin Glow SPF 30 Tinted Sunscreen Primer with Niacinamide,cat920033,https://www.sephora.com/product/yse-beauty-skin-glow-spf-30-primer-with-niacinamide-P517101,4.404907975460123,163,146,138,4,9,6,42,102
P517651,Dr. Idriss,Major Fade Disco Block Discoloration Treatment SPF 50 Broad-Spectrum Sunscreen with Ceramides and Glycerin,cat920033,https://www.sephora.com/product/major-fade-disco-block-discoloration-treatment-spf-50-broad-spectrum-sunscreen-with-ceramides-and-glycerin-P517651,4.066210045662101,438,344,194,38,31,32,100,237
P427419,The Ordinary,Hyaluronic Acid 2% + B5 Hydrating Serum with Ceramides,cat60103,https://www.sephora.com/product/the-ordinary-hyaluronic-acid-2-b5-hydrating-serum-P427419,4.305501618122977,1545,1325,575,105,70,84,275,1011
P515494,AESTURA,ATOBARRIER365 Cream Moisturizer with Ceramides & Niacinamide for Skin Moisture Barrier Repair,cat60097,https://www.sephora.com/product/atobarrier365-cream-with-ceramides-niacinamide-for-skin-moisture-barrier-repair-P515494,4.502923976608187,513,447,72,30,16,26,35,406
P426312,Peter Thomas Roth,Mini Water Drench Hyaluronic Acid Moisturizer,cat1830034,https://www.sephora.com/product/water-drench-hyaluronic-cloud-cream-mini-P426312,4.153191489361702,2115,1292,83,180,165,156,264,1350
P520007,Evereden,Kids 2-in-1 Mineral Face Cream & Sunscreen SPF20,cat60097,https://www.sephora.com/product/evereden-kids-2-in-1-mineral-face-cream-sunscreen-spf20-P520007,4.896,125,125,7,0,0,0,13,112
P520364,HUNG VANNGO BEAUTY,Glossy Lip Hue Hydrating Lip Shine with Hyaluronic Acid,cat60047,https://www.sephora.com/product/glossy-lip-hue-hydrating-lip-shine-with-hyaluronic-acid-P520364,4.708333333333333,72,66,55,1,1,2,10,58
P510344,Salt & Stone,Black Rose & Oud Hydrating Body Lotion with Niacinamide,cat60163,https://www.sephora.com/product/salt-stone-black-rose-oud-hydrating-body-lotion-with-niacinamide-P510344,4.032258064516129,31,24,16,5,1,2,3,20
P482692,LANEIGE,Water Bank Blue Hyaluronic Acid Hydrating Serum,cat60103,https://www.sephora.com/product/laneige-water-bank-blue-hyaluronic-serum-P482692,4.535046728971962,428,378,117,8,17,31,54,318
P510578,LANEIGE,Mini Water Bank Blue Hyaluronic Intensive Moisturizer with Peptides + Squalane,cat60097,https://www.sephora.com/product/laneige-mini-water-bank-blue-hyaluronic-intensive-moisturizer-with-peptides-squalane-P510578,4.465116279069767,86,75,6,4,6,3,6,67
P512542,belif,Aqua Bomb Depuffing Eye Gel with Caffeine + Hyaluronic Acid,cat60107,https://www.sephora.com/product/belif-aqua-bomb-depuffing-eye-gel-with-caffeine-hyaluronic-acid-P512542,4.477406679764243,509,446,114,31,7,29,63,379
P427417,The Ordinary,Niacinamide 10% + Zinc 1%  Serum for Oily Skin,cat60103,https://www.sephora.com/product/the-ordinary-deciem-niacinamide-10-zinc-1-P427417,4.22953005221642,9001,7492,1060,825,441,488,1336,5911
P506925,MATTER OF FACT,RESURFACING + HYDRATING Multi-Acid Serum with Salicylic Acid & Niacinamide,cat60103,https://www.sephora.com/product/resurfacing-hydrating-multi-acid-serum-with-salicylic-acid-niacinamide-P506925,4.751243781094527,201,195,31,2,1,5,29,164
P504048,N?cessaire,The Body Lotion Fragrance-Free ? With 5 Peptides + 2.5% Niacinamide,cat60163,https://www.sephora.com/product/necessaire-the-body-lotion-with-niacinamide-vitamins-peptides-with-pump-P504048,4.391666666666667,600,513,86,38,31,25,70,436
P468347,Charlotte Tilbury,Hyaluronic Happikiss Lipstick Balm,cat60049,https://www.sephora.com/product/charlotte-tilbury-hyaluronic-happi-kiss-color-lip-balm-P468347,3.837782340862423,487,332,43,39,54,81,86,227
P512240,REFY,Blur and Hydrate Oil-Control Face Primer with Hyaluronic Acid,cat60012,https://www.sephora.com/product/refy-beauty-blur-and-hydrate-oil-control-face-primer-hyaluronic-acid-P512240,3.9051724137931036,116,84,10,14,12,10,15,65
P515046,PHYLA,Anti-Blemish Moisturizer + 5% Niacinamide,cat60097,https://www.sephora.com/product/anti-blemish-moisturizer-5-niacinamide-P515046,4.895348837209302,86,83,13,2,0,0,1,83
P515501,LANEIGE,Mini Water Bank Gentle Gel Cleanser with Hyaluronic Acid,cat60099,https://www.sephora.com/product/mini-water-bank-gentle-gel-cleanser-with-hyaluronic-acid-P515501,2.9130434782608696,23,12,3,8,2,3,4,6
P514181,Then I Met You,The Giving Essence Brightening & Hydrating Treatment with Niacinimide,cat1210035,https://www.sephora.com/product/then-i-met-you-the-giving-essence-brightening-treatment-with-niacinamide-P514181,4.752688172043011,93,86,12,2,2,2,5,82
P520773,Tatcha,The Milky Sunscreen Broad Spectrum SPF 50+ with Encapsulated Ectoin + Vitamin E,cat1680031,https://www.sephora.com/product/the-milky-sunscreen-50ml-us-P520773,4.967213114754099,244,243,66,0,0,1,6,237
P517006,Sarah Creal,Mini Moisture Source Brightening and Hydrating Essence with Hyaluronic Acid,cat1830034,https://www.sephora.com/product/mini-moisture-source-brightening-hydrating-essence-with-hyaluronic-acid-P517006,4.6,105,94,33,2,4,7,8,84
P504823,Glossier,Ultralip High Shine Lipstick with Hyaluronic Acid,cat60049,https://www.sephora.com/product/glossier-ultralip-high-shine-lipstick-with-hyaluronic-acid-P504823,3.938584779706275,749,561,108,41,67,134,162,345
P516255,Ultra Violette,Future Screen SPF 50 Mineral Fragrance Free Facial Sunscreen Serum,cat920033,https://www.sephora.com/product/future-screen-spf-50-mineral-fragrance-free-facial-sunscreen-serum-P516255,4.545454545454546,462,414,64,18,12,26,50,356
P506104,Isle of Paradise,Brilliantly Bright Body Cleansing Wash with Vitamin C & Niacinamide,cat60161,https://www.sephora.com/product/brilliantly-bright-body-cleansing-wash-with-vitamin-c-niacinamide-P506104,4.730263157894737,456,440,100,2,2,16,77,359
P510117,belif,The True Cream Aqua Bomb with Hyaluronic Acid and Niacinamide,cat60097,https://www.sephora.com/product/belif-the-true-cream-aqua-bomb-with-hyaluronic-acid-niacinamide-P510117,4.627177700348432,1148,1079,194,44,8,31,166,899
P503690,Peter Thomas Roth,Water Drench? Hyaluronic Acid Rich Barrier Moisturizer for Skin Barrier and Dewy Skin,cat60097,https://www.sephora.com/product/peter-thomas-roth-water-drench-reg-hyaluronic-cloud-rich-barrier-moisturizer-P503690,4.338842975206612,363,302,39,31,17,17,31,267
P506377,CAY SKIN,Isle Nourishing Body Mist SPF 50 with Sea Moss and Hyaluronic Acid,cat1680032,https://www.sephora.com/product/cay-skin-isle-nourishing-body-mist-spf-50-with-sea-moss-hyaluronic-acid-P506377,4.596899224806202,129,120,76,5,4,2,16,102
P515491,AESTURA,ATOBARRIER365 Hydro CERA-HA Ceramide + Hyaluronic Acid Face Serum for Skin Moisture Barrier Repair,cat60103,https://www.sephora.com/product/atobarrier365-hydro-cera-ha-ceramide-hyaluronic-acid-face-serum-for-skin-moisture-barrier-repair-P515491,4.695187165775401,187,174,19,6,4,3,15,159
P510407,Clarins,"Multi-Active Day Moisturizer for Lines, Pores, Glow with Niacinamide",cat60097,,4.552995391705069,1302,1201,801,17,22,91,266,906
P438635,BeautyBio,The Pout Sparkling Ros? Hyaluronic Acid Collagen Plumping Lip Serum,cat60109,https://www.sephora.com/product/the-pout-sparkling-rose-hyaluronic-acid-collagen-plumping-lip-serum-P438635,3.6132075471698113,106,67,14,18,14,9,15,50
P507099,Drunk Elephant,B-Goldi™ Bright Illuminating Drops with 5% Niacinamide,cat60103,https://www.sephora.com/product/b-goldi-tm-illuminating-drops-with-5-niacinamide-for-brightening-P507099,4.304621848739496,952,794,261,54,46,78,152,622
P517009,Gucci,Glow Skin Tinted Moisturizer with Hyaluronic Acid & Bakuchiol,cat60010,https://www.sephora.com/product/glow-skin-tinted-moisturizer-with-hyaluronic-acid-bakuchiol-P517009,4.426611796982168,729,649,697,15,26,55,170,463
P510572,LANEIGE,Mini Water Bank Blue Hyaluronic Gel Moisturizer with Mint Extract,cat60097,https://www.sephora.com/product/laneige-mini-water-bank-blue-hyaluronic-gel-moisturizer-with-mint-extract-P510572,4.36144578313253,83,72,10,8,3,2,8,62
P504054,N?cessaire,Mini The Body Lotion - Firming Moisturizer With 5 Peptides and 2.5% Niacinamide,cat60163,https://www.sephora.com/product/necessaire-mini-body-lotion-with-niacinamide-vitamins-peptides-P504054,4.344110854503464,433,366,49,34,21,18,49,311
P513533,Westman Atelier,Vital Skincare Brightening Concealer With Hyaluronic Acid,cat60014,https://www.sephora.com/product/westman-atelier-vital-skincare-brightening-concealer-with-hyaluronic-acid-P513533,4.439338235294118,544,487,423,13,16,45,115,355
P467137,Peter Thomas Roth,Water Drench? Hyaluronic Acid Face Serum for Dewy Hydration,cat60103,https://www.sephora.com/product/peter-thomas-roth-water-drench-reg-hyaluronic-glow-serum-P467137,4.201834862385321,545,453,145,44,22,37,119,323
P509661,LANEIGE,Water Bank Blue Hyaluronic Intensive Moisturizer with Peptides + Squalane,cat60097,https://www.sephora.com/product/laneige-water-bank-blue-hyaluronic-intensive-moisturizer-with-peptides-squalane-P509661,4.610453648915187,1014,941,296,32,18,35,143,786
P509334,Iris&Romeo,The Reset Face Mist Luminous Hyaluronic Acid & Niacinamide Serum Spray,cat1210035,https://www.sephora.com/product/the-reset-luminous-hyaluronic-acid-niacinamide-serum-spray-P509334,4.787564766839378,193,184,5,4,3,3,10,173
P513098,Act+Acre,Daily Hydro? Scalp Serum with Hyaluronic Acid for Dry Scalp,cat60133,https://www.sephora.com/product/act-acre-daily-hydro-scalp-serum-hyaluronic-acid-for-dry-scalp-P513098,4.7156398104265405,211,200,48,3,5,5,23,175
P516912,ONE/SIZE by Patrick Starrr,Mini On 'Til Dawn Mattifying Sunscreen Makeup Setting Spray SPF 28,cat1830033,https://www.sephora.com/product/one-size-by-patrick-starrr-mini-on-til-dawn-mattifying-sunscreen-makeup-setting-spray-spf-28-P516912,4.320987654320987,486,406,90,57,12,12,42,363
P514207,N?cessaire,The Body Lotion Santal ? With 5 Peptides + 2.5% Niacinamide,cat60163,https://www.sephora.com/product/necessaire-the-body-lotion-santal-with-5-peptides-2-5-niacinamide-P514207,4.726530612244898,245,230,52,6,2,8,21,208
P509517,Kiehl's Since 1851,Better Screen™ UV Serum SPF 50+ Facial Sunscreen with Collagen Peptide,cat920033,https://www.sephora.com/product/kiehls-better-screen-tm-uv-serum-spf-50-facial-sunscreen-with-collagen-peptide-P509517,4.629664179104478,2144,2033,1064,35,38,74,392,1605
P510354,innisfree,Daily UV Defense Mineral Sunscreen Broad Spectrum SPF 45,cat920033,https://www.sephora.com/product/innisfree-daily-uv-defense-mineral-sunscreen-broad-spectrum-spf-45-P510354,4.025,680,503,79,65,62,55,107,391
P520721,SOFIE PAVITT FACE,Screentime Non-Comedogenic Hydrating Sunscreen SPF 30,cat920033,https://www.sephora.com/product/screentime-non-comedogenic-hydrating-sunscreen-P520721,4.762626262626263,198,191,43,2,2,2,29,163
P510786,Iris&Romeo,Mini Weekend Skin SPF 50 Instant Glow Tinted Mineral Sunscreen with Vitamin C + Niacinamide,cat1830034,https://www.sephora.com/product/iris-romeo-mini-weekend-skin-spf-50-instant-glow-mineral-sunscreen-with-vitamin-c-niacinamide-P510786,4.38013698630137,292,248,23,23,9,21,20,219
P517702,Hanyul,Mini Artemisia Soothing Gel Cream Moisturizer with Centella Asiatica and Niacinamide,cat60097,https://www.sephora.com/product/mini-artemisia-soothing-gel-cream-moisturizer-with-centella-asiatica-niacinamide-P517702,4.608695652173913,23,19,7,1,1,0,2,19
P516740,Hanyul,Yuja Brightening Toner Pads with Vitamin C and Niacinamide,cat60101,https://www.sephora.com/product/yuja-brightening-toner-pads-with-vitamin-c-niacinamide-P516740,4.78494623655914,186,177,48,3,4,2,12,165
P516481,Peter Thomas Roth,Water Drench Broad Spectrum SPF 45 Hyaluronic Sheer Tint Moisturizer,cat60097,https://www.sephora.com/product/water-drench-broad-spectrum-spf-45-hyaluronic-sheer-tint-moisturizer-P516481,4.574712643678161,261,230,80,9,8,14,23,207
P468821,First Aid Beauty,"Ultra Repair Firming Day Cream with Peptides, Niacinamide + Collagen",cat60097,https://www.sephora.com/product/first-aid-beauty-ultra-repair-firming-collagen-cream-with-peptides-niacinamide-P468821,4.40625,768,659,91,45,34,35,104,550
P468210,Saie,Slip Tint ? Lightweight Tinted Moisturizer with Mineral Zinc SPF 35 and Hyaluronic Acid,cat60010,https://www.sephora.com/product/saie-slip-tint-dewy-tinted-moisturizer-spf-35-sunscreen-P468210,3.640740740740741,2430,1531,230,364,318,278,337,1133
P510551,Hello Sunday,The Invisible One SPF 50 Hydrating Face Sunscreen + Primer with Hyaluronic Acid,cat920033,https://www.sephora.com/product/hello-sunday-the-invisible-one-spf-50-hydrating-sunscreen-primer-with-hyaluronic-acid-P510551,4.142857142857143,70,56,33,6,3,7,13,41
P511648,Hello Sunday,The One For Your Lips SPF 50 Hydrating Lip Balm with Hyaluronic Acid & Squalane,cat60109,https://www.sephora.com/product/hello-sunday-the-one-for-your-lips-spf-50-hydrating-lip-balm-with-hyaluronic-acid-squalane-P511648,3.551470588235294,136,83,42,20,18,21,21,56
P501321,Saint Jane Beauty,Luxury Sun Ritual Pore Smoothing Face Sunscreen SPF 30,cat920033,https://www.sephora.com/product/luxury-sun-ritual-pore-smoothing-sunscreen-spf-30-P501321,4.634448574969021,807,741,442,30,13,26,84,654
P520254,CYKLAR,Rose Bud Nutrient-Rich Body Cream with Niacinamide,cat60163,https://www.sephora.com/product/cyklar-rose-bud-nutrient-rich-body-cream-with-niacinamide-P520254,4.829787234042553,47,46,19,0,0,1,6,40
P479327,Glow Recipe,Plum Plump Refillable Hyaluronic Acid Moisturizer,cat60097,https://www.sephora.com/product/glow-recipe-plum-plump-hyaluronic-acid-moisturizer-P479327,4.311688311688312,2387,1996,482,148,114,182,345,1598
P514743,N?cessaire,"The Body Cream Fragrance-Free ? Barrier Repair With 5% Niacinamide, 5 Essential Ceramides + Hyaluronic Acid",cat60163,https://www.sephora.com/product/the-body-cream-fragrance-free-barrier-repair-with-5-niacinamide-5-essential-ceramides-hyaluronic-acid-P514743,4.905,200,198,50,0,2,0,13,185
P482742,Shiseido,Urban Environment Fresh-Moisture Sunscreen SPF 40,cat920033,https://www.sephora.com/product/shiseido-urban-environment-fresh-moisture-sunscreen-broad-spectrum-spf-42-P482742,4.59635210150674,1261,1191,508,20,10,65,269,897
P482740,Shiseido,Mini Urban Environment Oil-Free SPF 42 Face Sunscreen with Hyaluronic Acid,cat920033,https://www.sephora.com/product/shiseido-mini-urban-environment-oil-free-spf-42-face-sunscreen-with-hyaluronic-acid-P482740,3.9420289855072466,69,49,31,8,6,4,15,36
P514188,N?cessaire,The Body Lotion Eucalyptus ? Firming Lotion With 5 Peptides + 2.5% Niacinamide,cat60163,https://www.sephora.com/product/necessaire-the-body-lotion-eucalyptus-firming-lotion-with-5-peptides-2-5-niacinamide-P514188,4.717592592592593,216,203,42,5,3,7,18,183
P510507,Youth To The People,Superfood Skin Drip Smooth + Glow Barrier Serum with Peptides + Niacinamide,cat60103,https://www.sephora.com/product/youth-to-the-people-superfood-skin-drip-smooth-glow-barrier-serum-with-kale-niacinamide-P510507,4.472329472329473,777,699,293,23,26,45,150,533
P511918,LIGHTSAVER,Shade 0 - Activated Non-Tinted Mineral Face Sunscreen Broad Spectrum - SPF 33,cat920033,https://www.sephora.com/product/lightsaver-activated-mineral-sunscreen-broad-spectrum-spf-33-P511918,4.580645161290323,31,28,0,2,0,1,3,25
P509278,Youth To The People,Superfood + Niacinamide Body Cleanser with Antioxidants & Hyaluronic Acid,cat60161,https://www.sephora.com/product/youth-to-the-people-superfood-niacinamide-body-cleanser-wash-P509278,4.456766917293233,532,475,157,14,17,36,110,355
P512908,Iris&Romeo,Mini The Reset Luminous Hyaluronic Acid & Niacinamide Serum Spray,cat1910030,https://www.sephora.com/product/iris-romeo-mini-reset-luminous-hyaluronic-acid-niacinamide-serum-spray-P512908,4.787564766839378,193,184,5,4,3,3,10,173
P514887,Laura Mercier,Long-Wear Tinted Moisturizer Natural Dewy Skin Tint SPF 30 with Hyaluronic Acid,cat60010,https://www.sephora.com/product/long-wear-tinted-moisturizer-natural-dewy-spf-30-with-hyaluronic-acid-P514887,4.4875,800,726,321,20,26,42,168,544
P513592,Biossance,Pro-Peptide™ Hydrating Lip Perfector Balm with Hyaluronic Acid,cat60109,https://www.sephora.com/product/biossance-pro-peptide-tm-hydrating-lip-perfector-balm-with-hyaluronic-acid-P513592,4.507772020725389,772,702,352,25,21,31,155,540
P462699,Glow Recipe,Plum Plump? Hyaluronic Acid Hydrating Serum,cat60103,https://www.sephora.com/product/glow-recipe-plum-plump-hyaluronic-acid-serum-P462699,4.39485766758494,2178,1885,377,77,98,174,368,1461
P471237,fresh,Rose & Hyaluronic Acid Deep Hydration Moisturizer,cat60097,https://www.sephora.com/product/fresh-rose-hyaluronic-acid-deep-hydration-moisturizer-P471237,4.516830870279146,2436,2165,506,109,74,100,319,1834
P502966,MERIT,Great Skin Instant Glow Serum with Niacinamide and Hyaluronic Acid,cat60103,https://www.sephora.com/product/merit-great-skin-instant-glow-serum-with-niacinamide-hyaluronic-acid-P502966,4.032600454890068,1319,1011,183,143,85,118,213,760
P516373,REFY,Mini Glow and Sculpt Face Serum Primer with Niacinamide,cat1830033,https://www.sephora.com/product/mini-glow-sculpt-face-serum-primer-with-niacinamide-P516373,1.6265060240963856,83,12,23,55,15,6,3,4
P511274,Dr. Jart+,Vital Hydra Solution™ PRO Glow Face Mask with Hyaluronic Acid,cat920041,https://www.sephora.com/product/dr-jart-vital-hydra-solution-tm-pro-glow-face-mask-with-hyaluronic-acid-P511274,3.978723404255319,47,38,5,6,3,6,3,29
P504636,Glow Recipe,Mini Watermelon Glow Niacinamide Dew Drops,cat60103,https://www.sephora.com/product/mini-watermelon-glow-niacinamide-dew-drops-P504636,4.264978264978265,5291,4424,1174,343,290,390,867,3401
P510364,Salt & Stone,Santal & Vetiver Refillable Body Wash with Niacinamide + Probiotic,cat60161,https://www.sephora.com/product/salt-stone-santal-vetiver-refillable-body-wash-with-niacinamide-probiotic-P510364,4.162601626016261,123,102,37,12,5,11,18,77
P515337,Skinfix,Barrier Balancing Water Cream Moisturizer with Hyaluronic Acid,cat60097,https://www.sephora.com/product/barrier-balancing-water-cream-moisturizer-with-hyaluronic-acid-P515337,4.712842712842713,693,661,577,14,9,19,78,573
P503250,Fenty Beauty by Rihanna,Watch Ya Tone 5% Niacinamide Dark Spot Serum with Vitamin C,cat60103,https://www.sephora.com/product/watch-ya-tone-niacinamide-dark-spot-serum-P503250,4.293388429752066,242,210,67,15,10,12,57,148
P513383,MERIT,Great Skin Priming And Firming Moisturizer With Peptides And Hyaluronic Acid,cat60097,https://www.sephora.com/product/great-skin-priming-and-firming-moisturizer-with-peptides-and-hyaluronic-acid-P513383,4.09622641509434,530,407,107,55,44,31,65,335
P501005,Dr. Jart+,Premium BB Tinted Moisturizer with Niacinamide and SPF 40,cat960031,https://www.sephora.com/product/premium-bb-tinted-moisturizer-with-niacinamide-spf-40-P501005,4.194907813871818,1139,941,315,66,76,90,245,662
P515188,MILK MAKEUP,Cooling Water Jelly Ice Soothing Serum Stick with Niacinamide,cat60103,https://www.sephora.com/product/cooling-water-jelly-ice-soothing-serum-stick-with-niacinamide-P515188,3.7218045112781954,665,452,285,125,56,44,94,346
P513359,MARA,Clear Skin Mineral Milk 2% Salicylic Acid Acne Treatment with Niacinamide + Copper,cat1170031,https://www.sephora.com/product/mara-niacinamide-copper-clear-skin-mineral-milk-acne-treatment-30ml-P513359,4.824675324675325,154,151,55,2,0,1,17,134
P505327,Kosas,DreamBeam Silicone-Free Mineral Sunscreen SPF 40 with Ceramides and Peptides,cat920033,https://www.sephora.com/product/dreambeam-moisturizing-mineral-sunscreen-spf-40-with-ceramides-and-peptides-P505327,3.76159793814433,1552,1082,565,219,151,158,277,747
P502046,Origins,GinZing™ Energizing Gel Cream with Caffeine & Niacinamide,cat60097,https://www.sephora.com/product/ginzing-tm-energizing-gel-cream-with-caffeine-niacinamide-P502046,4.38562091503268,153,133,14,8,5,12,23,105
P509837,Danessa Myricks Beauty,Yummy Skin Moisture Repair Balm Serum with Hyaluronic Acid and Squalane,cat60012,https://www.sephora.com/product/danessa-myricks-beauty-yummy-skin-moisture-repair-balm-serum-with-hyaluronic-acid-squalane-P509837,4.321428571428571,168,143,22,14,9,9,13,123
P510286,Kiehl's Since 1851,Mini Better Screen™ UV Serum SPF 50+ Facial Sunscreen with Collagen Peptide,cat920033,https://www.sephora.com/product/kiehls-mini-better-screen-tm-uv-serum-spf-50-facial-sunscreen-with-collagen-peptide-P510286,3.6739130434782608,46,32,1,11,3,3,2,27
P457521,Dr. Jart+,Every Sun Day? Mineral Korean Sunscreen SPF 50+,cat920033,https://www.sephora.com/product/dr-jart-every-sun-day-mineral-sunscreen-spf-50-P457521,4.382758620689655,580,498,80,31,26,35,86,402
P510819,Murad,Multi-Vitamin Clear Coat SPF 50 Sunscreen,cat920033,https://www.sephora.com/product/murad-multi-vitamin-clear-coat-spf-50-sunscreen-P510819,4.598540145985401,274,252,56,6,6,15,38,209
P510065,MAKE UP FOR EVER,Mini HD Skin Hydra Glow Skincare Foundation with Hyaluronic Acid,cat1830033,https://www.sephora.com/product/make-up-for-ever-mini-hd-skin-hydra-glow-skincare-foundation-with-hyaluronic-acid-P510065,3.980392156862745,102,74,17,11,8,11,14,58
P521003,SEPHORA COLLECTION,Daily Sunscreen Cream SPF 30,cat1680031,https://www.sephora.com/product/daily-sunscreen-cream-spf-30-P521003,4.75,32,32,40,0,0,1,6,25
P416160,Peter Thomas Roth,Water Drench? Hyaluronic Acid Cloud Cream Hydrating Refillable Moisturizer for All Skin Types,cat60097,https://www.sephora.com/product/water-drench-hyaluronic-cloud-cream-P416160,4.153191489361702,2115,1292,83,180,165,156,264,1350
P520970,OLEHENRIKSEN,Mini Peach Glaze Glow Niacinamide Serum with Vitamin C,cat60103,https://www.sephora.com/product/ole-henriksen-mini-peach-glaze-glow-niacinamide-serum-with-vitamin-c-P520970,5.0,2,2,1,0,0,0,0,2
P510421,Clarins,"Multi-Active Night Moisturizer for Lines, Pores, Glow with Niacinamide",cat60097,,4.520197044334975,1015,924,702,9,22,73,239,672
P472302,ALPYN,Hydrating Firming Serum with Niacinamide & Nettle,cat60103,https://www.sephora.com/product/alpyn-beauty-wild-nettle-niacinamide-firming-serum-P472302,4.685057471264368,435,410,201,14,5,8,50,358
P521045,U Beauty,The SUPER Intensive Face Oil with Hyaluronic Acid + Antioxidants,cat1120031,https://www.sephora.com/product/u-beauty-the-super-intensive-face-oil-with-hyaluronic-acid-antioxidants-P521045,4.770370370370371,135,134,200,0,0,5,21,109
P513503,Dr. Dennis Gross Skincare,DermInfusions? Blur + Repair Cream with Hyaluronic Acid and Peptides,cat60097,https://www.sephora.com/product/dr-dennis-gross-skincare-derminfusions-blur-repair-cream-with-hyaluronic-acid-peptides-P513503,4.460606060606061,165,145,43,9,5,11,16,124
P429953,Supergoop!,Glow Stick Sunscreen SPF 50,cat920033,https://www.sephora.com/product/glow-stick-sunscreen-spf-50-P429953,3.9156756756756756,925,692,142,110,77,82,168,488
P469519,Paula's Choice,RESIST Advanced Replenishing Toner with Hyaluronic Acid,cat60101,https://www.sephora.com/product/paula-s-choice-resist-advanced-replenishing-toner-hyaluronic-acid-P469519,4.681578947368421,380,356,27,11,5,13,36,315
P500746,First Aid Beauty,Ultra Repair Hydration Boost Serum with Colloidal Oatmeal + Hyaluronic Acid,cat60103,https://www.sephora.com/product/hydrating-serum-with-hyaluronic-acid-P500746,4.412371134020619,194,173,52,10,8,7,36,133
P507166,INNBEAUTY PROJECT,"Bronze Face Glaze Gel Cream with Squalane, Ceramides & Hyaluronic Acid",cat60097,https://www.sephora.com/product/bronze-face-glaze-gel-cream-with-squalane-ceramides-hyaluronic-acid-P507166,4.358823529411764,170,150,29,11,7,8,28,116
P511236,54 Thrones,Mini Barrier Repair Cloud Body Cream with Peptides + Hyaluronic Acid,cat60163,https://www.sephora.com/product/54-thrones-mini-barrier-repair-cloud-body-cream-with-peptides-hyaluronic-acid-P511236,4.575757575757576,33,31,3,2,0,1,4,26
P470535,Kate Somerville,"KateCeuticals? Resurfacing Overnight Peel with Glycolic Acid, Retinol & Niacinamide",cat1210037,https://www.sephora.com/product/kate-somerville-kateceuticals-resurfacing-overnight-peel-with-glycolic-acid-retinol-niacinamide-P470535,4.687022900763359,131,123,35,2,1,4,22,102
P481164,Shiseido,Essential Energy Hydrating Day Cream SPF 20,cat60097,https://www.sephora.com/product/shiseido-essential-energy-spf-20-day-cream-with-hyaluronic-acid-P481164,4.53903743315508,935,877,313,5,14,63,243,610
P506567,First Aid Beauty,Brighten + Glow Eye Cream with Niacinamide,cat60107,https://www.sephora.com/product/brighten-glow-eye-cream-with-niacinamide-P506567,4.254545454545455,220,179,28,16,12,13,38,141
P515031,Supergoop!,Unseen Sunscreen Stick SPF 40 Invisible Sun Protection,cat920033,https://www.sephora.com/product/unseen-sunscreen-stick-spf-40-invisible-sun-protection-P515031,4.810344827586207,116,113,30,1,1,2,11,101
P459727,N?cessaire,The Body Wash Eucalyptus - Nourishing Treatment Cleanse With Lipid-Rich Oils + Niacinamide,cat60161,https://www.sephora.com/product/necessaire-the-body-wash-eucalyptus-nourishing-treatment-cleanse-with-lipid-rich-oils-niacinamide-P459727,4.429475015812777,1581,1355,157,62,69,119,209,1122
P514918,Dr. Jart+,Vital Hydra Solution™ PRO Glow Face Mask with Hyaluronic Acid 5-Pack Value Set,cat60105,https://www.sephora.com/product/vital-hydra-solution-tm-pro-glow-face-mask-with-hyaluronic-acid-5-pack-value-set-P514918,3.978723404255319,47,38,5,6,3,6,3,29
P520090,AESTURA,A-CICA365 Cooling Relief Toner Pads pH4.5 with Centella Asiatica + Hyaluronic Acid for Redness,cat1070034,https://www.sephora.com/product/a-cica-cooling-relief-toner-pads-ph-4-5-with-centella-asiatica-hyaluronic-acid-for-redness-P520090,4.851428571428571,175,172,41,1,1,0,19,154
P518974,HUNG VANNGO BEAUTY,Creamy Matte Longwear Lipstick with Hyaluronic Acid,cat60049,https://www.sephora.com/product/creamy-matte-longwear-lipstick-with-hyaluronic-acid-P518974,4.740259740259741,77,72,28,3,2,0,2,70
P516136,First Aid Beauty,Hydrating Sunscreen Milk with Colloidal Oatmeal BROAD SPECTRUM 45,cat920033,https://www.sephora.com/product/hydrating-sunscreen-milk-with-colloidal-oatmeal-broad-spectrum-45-P516136,4.464285714285714,84,72,34,3,4,6,9,62
P510331,Elemis,Pro-Collagen Brightening Eye Revive Mask with Hyaluronic Acid,cat60107,https://www.sephora.com/product/elemis-pro-collagen-brightening-eye-revive-mask-with-hyaluronic-acid-P510331,4.764516129032258,310,299,147,1,5,8,38,258
P509827,Danessa Myricks Beauty,Yummy Skin Mattifying Water Powder Serum with Niacinamide and Hyaluronic Acid,cat60012,https://www.sephora.com/product/danessa-myricks-beauty-yummy-skin-mattifying-water-powder-serum-with-niacinamide-hyaluronic-acid-P509827,4.098684210526316,304,239,41,30,24,21,40,189
P515720,Element Eight,Mini O2 Hyaluronic Acid Hydrate Correct Cream for Dry Skin,cat60097,https://www.sephora.com/product/mini-o2-hyaluronic-acid-hydrate-correct-moisturizer-for-dry-skin-P515720,4.823529411764706,85,83,75,0,1,0,12,72
P512548,LANEIGE,Hydro UV Defense Sunscreen Broad Spectrum  SPF 50+,cat920033,https://www.sephora.com/product/laneige-hydro-uv-defense-sunscreen-broad-spectrum-spf-50-P512548,4.458874458874459,231,198,28,13,10,9,25,174
P503143,N?cessaire,"The Scalp Serum -  5% Capixyl? For Thicker, Fuller, Healthier Hair",cat60133,https://www.sephora.com/product/necessaire-the-scalp-serum-daily-treatment-with-5-capixyl-1-hyaluronic-acid-for-hair-growth-support-P503143,4.5063775510204085,784,714,178,35,20,24,139,566
P514937,amika,Mini Hydro Rush Intense Moisture Leave-In Conditioner with Hyaluronic Acid,cat1830036,https://www.sephora.com/product/mini-hydro-rush-intense-moisture-leave-in-conditioner-with-hyaluronic-acid-P514937,4.34593837535014,714,602,164,37,41,47,102,487
P516199,Facile,Dew You Hydrating Hyaluronic Acid Gel Serum,cat60103,https://www.sephora.com/product/dew-you-hydrating-hyaluronic-acid-gel-serum-P516199,4.8152866242038215,157,149,24,1,1,3,16,136
P520114,SEPHORA COLLECTION,HYDRATE - Bouncy Water Jelly with Hyaluronic + Polyglutamic Acids,cat1230034,https://www.sephora.com/product/hydrate-bouncy-water-jelly-with-hyaluronic-polyglutamic-acids-P520114,4.386861313868613,137,118,154,3,3,19,25,87
P511541,Fenty Beauty by Rihanna,Hydra Vizor Huez Tinted Moisturizer Broad Spectrum Mineral Spf 30 Sunscreen,cat920033,https://www.sephora.com/product/fenty-skin-rihanna-hydra-vizor-huez-tinted-moisturizer-broad-spectrum-mineral-spf-30-sunscreen-P511541,4.271753681392235,1494,1315,1182,61,59,148,371,855
P481973,Dr. Barbara Sturm,The Better B Niacinamide Serum ? Lightweight Brightening & Pore?Refining Serum that Reduces Hyperpigmentation & Boosts Radiance,cat60103,https://www.sephora.com/product/dr-barbara-sturm-the-better-b-niacinamide-serum-P481973,4.761006289308176,318,308,75,0,5,7,47,259
P516471,Peter Thomas Roth,Water Drench Broad Spectrum SPF 45 Hyaluronic Moisturizer,cat60097,https://www.sephora.com/product/water-drench-broad-spectrum-spf-45-hyaluronic-moisturizer-P516471,4.24311377245509,835,699,142,57,39,61,165,513
P510914,Sol de Janeiro,Rio Radiance™ SPF 50 Body Spray Sunscreen with Niacinamide,cat920035,https://www.sephora.com/product/sol-de-janeiro-rio-radiance-tm-spf-50-body-spray-sunscreen-with-niacinamide-P510914,4.222444889779559,499,413,113,52,27,20,59,341
P500747,amika,Hydro Rush Intense Moisture Leave-In Conditioner with Hyaluronic Acid,cat1660031,https://www.sephora.com/product/hydro-rush-intense-moisture-leave-in-conditioner-with-hyaluronic-acid-P500747,4.34593837535014,714,602,164,37,41,47,102,487
P511659,KORA Organics,Silky Sun Drops Organic Sunscreen Serum with SPF 30 for Skin Barrier Repair,cat920033,https://www.sephora.com/product/kora-organics-silky-sun-drops-organic-sunscreen-serum-with-spf-30-for-skin-barrier-repair-P511659,4.526427061310782,473,435,280,11,11,26,95,330
P520020,SEPHORA COLLECTION,HYDRATE - Satin Light Cream with Hyaluronic Acid,cat60097,https://www.sephora.com/product/hydrate-satin-light-cream-with-hyaluronic-acid-P520020,4.481751824817518,137,126,154,1,1,13,38,84
P518077,Shiseido,Urban Environment Mineral Clear Sunscreen SPF 50,cat920033,https://www.sephora.com/product/urban-environment-mineral-clear-sunscreen-spf-50-P518077,4.489583333333333,192,173,69,4,9,9,37,133
P515722,Element Eight,O2 Niacinamide Eight Active Multitasking Serum,cat60103,https://www.sephora.com/product/o2-niacinamide-eight-active-multitasking-serum-P515722,4.6929460580912865,241,227,251,1,3,14,33,190
P517104,YSE Beauty,Last Call Gentle Daily Retinol Serum with Niacinamide & Hyaluronic Acid,cat60103,https://www.sephora.com/product/yse-beauty-last-call-gentle-daily-retinol-serum-with-niacinamide-hyaluronic-acid-P517104,4.595238095238095,42,40,39,1,0,2,9,30
P511235,54 Thrones,"Mini Moisturizing Butter Cream Body Wash - Non-Stripping with Shea Butter, Ceramides and Niacinamide",cat60161,https://www.sephora.com/product/54-thrones-mini-moisturizing-butter-cream-body-wash-non-stripping-with-shea-butter-ceramides-niacinamide-P511235,4.645161290322581,31,28,2,1,2,0,1,27
P520094,AESTURA,A-CICA365 Soothing Redness Relief Face Serum pH4.5 with Centella Asiatica + Hyaluronic,cat60103,https://www.sephora.com/product/a-cica-365-soothing-redness-relief-face-serum-ph-4-5-with-centella-asiatica-hyaluronic-P520094,4.878612716763006,173,170,48,1,1,1,12,158
P506571,Bobbi Brown,Vitamin Enriched Hydrating Skin Tint SPF 15 with Hyaluronic Acid,cat60010,https://www.sephora.com/product/vitamin-enriched-hydrating-skin-tint-spf-15-with-hyaluronic-acid-P506571,4.496296296296296,1080,981,254,40,28,52,196,764
P510908,Dr. Jart+,Brightamin Brightening Serum with Niacinamide and Vitamin C,cat60103,https://www.sephora.com/product/dr-jart-brightamin-brightening-serum-with-niacinamide-vitamin-c-P510908,4.462146892655367,885,803,670,18,20,76,192,579
P511430,Skinfix,acne+ triple threat set with Salicylic Acid (BHA) + Niacinamide with B-L3?,cat60105,https://www.sephora.com/product/skinfix-acne-triple-threat-set-with-salicylic-acid-bha-niacinamide-with-b-l3-P511430,4.339285714285714,56,51,63,3,1,4,14,34
P505336,SEPHORA COLLECTION,Hydrating Hyaluronic Acid Face Masks,cat1440040,https://www.sephora.com/product/sephora-collection-face-masks-fruit-plant-extracts-hydrating-hyaluronic-acid-P505336,4.4375,656,578,98,39,21,27,96,473
P515736,Rare Beauty by Selena Gomez,Mini Find Comfort Niacinamide Hydrating Body Lotion,cat60163,https://www.sephora.com/product/mini-find-comfort-niacinamide-hydrating-body-lotion-P515736,4.0,20,14,4,2,2,2,2,12
P509342,Iris&Romeo,Weekend Skin SPF 50 Natural Glow Tinted Sunscreen with Vitamin C + Niacinamide,cat920033,https://www.sephora.com/product/weekend-skin-spf-50-instant-glow-mineral-sunscreen-with-vitamin-c-niacinamide-P509342,4.374149659863946,294,249,23,23,10,21,20,220
P513222,The Ordinary,Niacinamide 5% Face and Body Emulsion for Dark Spots & Uneven Tone,cat60163,https://www.sephora.com/product/the-ordinary-niacinamide-5-face-body-emulsion-P513222,4.65625,256,241,52,4,4,12,36,200
P506106,Isle of Paradise,Brilliantly Bright Body Moisturizer,cat60163,https://www.sephora.com/product/brilliantly-bright-body-moisturizer-with-vitamin-c-niacinamide-P506106,4.611428571428571,525,488,116,7,6,30,98,384
P458576,Peter Thomas Roth,Water Drench? Hyaluronic Hydrating Moisturizer SPF 45,cat60097,https://www.sephora.com/product/peter-thomas-roth-water-drench-hyaluronic-hydrating-moisturizer-spf-45-P458576,4.112789526686807,993,790,160,81,65,86,190,571
P515743,Dr. Jart+,Every Sun Day? Invisible Korean Sunscreen Stick SPF 40,cat1680031,https://www.sephora.com/product/b-pricing-every-sun-day-priming-sunscreen-stick-P515743,4.689655172413793,899,863,742,10,7,37,144,701
P503875,N?cessaire,The Body Exfoliant Bar - In-Shower KP Treatment,cat60161,https://www.sephora.com/product/necessaire-the-body-bar-with-2-physical-exfoliant-5-ceramides-niacinamide-P503875,4.402777777777778,72,62,2,3,5,3,10,51
P482739,Shiseido,Urban Environment Oil-Free SPF 42 Face Sunscreen w/ Hyaluronic Acid,cat920033,https://www.sephora.com/product/shiseido-urban-environment-oil-free-spf-42-face-sunscreen-with-hyaluronic-acid-P482739,4.382311977715878,1436,1272,625,47,47,112,334,896
P516663,Glow Recipe,Glow & Go Summer Essentials Kit with Niacinamide,cat60105,https://www.sephora.com/product/glow-recipe-glow-and-go-summer-essentials-kit-with-niacinamide-P516663,4.888888888888889,99,98,29,1,0,0,7,91
P506373,N?cessaire,Mini The Body Wash Eucalyptus - Nourishing Treatment Cleanse With Lipid-Rich Oils + Niacinamide,cat1830035,https://www.sephora.com/product/necessaire-mini-the-body-wash-eucalyptus-nourishing-treatment-cleanse-with-lipid-rich-oils-niacinamide-P506373,4.2556701030927835,485,385,54,32,30,43,57,323
P519769,Hanyul,Artemisia Soothing 2-in-1 Mask to Foam Cleanser with Hyaluronic Acid  + BHA,cat60099,https://www.sephora.com/product/hanyul-artemisia-soothing-2-in-1-mask-to-foam-cleanser-with-niacinamide-bha-P519769,4.8258258258258255,333,327,96,1,1,5,41,285
P522621,innisfree,Mini Daily UV Defense Invisible Korean Sunscreen Lotion Broad Spectrum SPF 50+ PA++++,cat920033,https://www.sephora.com/product/innisfree-mini-daily-uv-invisible-korean-sunscreen-stick-spf-50-pa-P522621,4.861538461538461,195,192,43,1,0,4,15,175
P516742,Hanyul,Artemisia Soothing Toner Pads with Centella Asiatica and Hyaluronic Acid,cat60101,https://www.sephora.com/product/artemisia-soothing-toner-pads-with-centella-asiatica-hyaluronic-acid-P516742,4.886666666666667,150,149,26,0,0,1,15,134
P516750,Hanyul,Artemisia Soothing Gel Cream Moisturizer with Centella Asiatica and Niacinamide,cat60097,https://www.sephora.com/product/artemisia-soothing-gel-cream-moisturizer-with-centella-asiatica-niacinamide-P516750,4.840136054421769,294,289,62,1,0,4,35,254
P511386,Caudalie,Vinosun Protect Brightening Daily Mineral Face Sunscreen SPF 50 with Niacinamide,cat920033,https://www.sephora.com/product/caudalie-vinosun-protect-brightening-daily-mineral-sunscreen-spf-50-with-niacinamide-P511386,4.441256830601093,732,643,260,35,28,36,113,520
P510339,Salt & Stone,Black Rose & Oud Refillable Body Wash with Niacinamide + Probiotic,cat60161,https://www.sephora.com/product/salt-stone-black-rose-oud-body-wash-with-niacinamide-probiotic-P510339,4.277777777777778,72,60,21,6,3,6,7,50
P515897,Salt & Stone,Saffron & Cedar Body Lotion with Niacinamide,cat60163,https://www.sephora.com/product/saffron-cedar-body-lotion-with-niacinamide-P515897,3.8947368421052633,38,26,7,4,5,3,5,21
P507987,GUERLAIN,Abeille Royale Honey Treatment Night Cream with Hyaluronic Acid,cat1210033,https://www.sephora.com/product/abeille-royale-honey-treatment-night-cream-with-hyaluronic-acid-P507987,4.488571428571428,350,316,237,6,9,23,82,230
P513611,Lanc?me,Hydra Zen Gel Cream Soothing Moisturizer,cat60097,https://www.sephora.com/product/lancome-hydra-zen-oil-free-gel-cream-with-hyaluronic-acid-salicylic-acid-P513611,4.0,5,4,3,1,0,0,1,3
P482729,Rare Beauty by Selena Gomez,Positive Light Tinted Moisturizer Broad Spectrum SPF 20 Sunscreen,cat60010,https://www.sephora.com/product/rare-beauty-by-selena-gomez-positive-light-tinted-moisturizer-broad-spectrum-spf-20-sunscreen-P482729,4.052002390914525,1673,1291,384,120,128,203,316,906
P509345,Iris&Romeo,Best Skin Days SPF30 Whipped Skin Tint with Vitamin C + Hyaluronic Acid,cat60010,https://www.sephora.com/product/best-skin-days-spf30-whipped-tinted-moisturizer-with-vitamin-c-hyaluronic-acid-P509345,4.061046511627907,344,261,27,50,23,16,22,233
P429522,Kiehl's Since 1851,Super Fluid Daily UV Defense Sunscreen Broad Spectrum SPF 50+,cat920033,https://www.sephora.com/product/super-fluid-daily-uv-defense-sunscreen-broad-spectrum-spf-50-P429522,4.085253456221198,434,336,110,25,29,54,102,224
P517156,Caudalie,Dark Spot Brightening Serum & Sunscreen SPF 50 Set,cat60105,https://www.sephora.com/product/dark-spot-brightening-serum-sunscreen-spf-50-set-P517156,4.333333333333333,18,15,3,1,1,2,1,13
P520788,Torriden,DIVE IN 5D Hyaluronic Acid Intensive Cream for dry Skin & Moisture Barrier Support,cat60097,https://www.sephora.com/product/dive-in-5d-hyaluronic-acid-intensive-cream-P520788,4.853211009174312,109,108,32,1,0,0,12,96
P515497,AESTURA,ATOBARRIER365 Lightweight Face Lotion Moisturizer with Ceramides & Niacinamide for Skin Moisture Barrier Repair,cat60097,https://www.sephora.com/product/atobarrier365-lightweight-face-lotion-with-ceramides-niacinamide-for-skin-moisture-barrier-repair-P515497,4.719557195571956,271,255,54,11,3,3,17,237
P443845,The INKEY List,Hyaluronic Acid (HA) Hydrating Face Serum,cat60103,https://www.sephora.com/product/hyaluronic-acid-hydrating-face-serum-P443845,4.437291527685123,2998,2656,315,110,100,199,549,2040
P510602,LANEIGE,Water Bank Blue Hyaluronic Hydration Set,cat60105,https://www.sephora.com/product/laneige-water-bank-blue-hyaluronic-hydration-set-P510602,4.629411764705883,170,156,35,9,3,3,12,143
P377542,tarte,BB blur natural matte tinted moisturizer Broad Spectrum SPF 30 Sunscreen,cat960033,https://www.sephora.com/product/bb-tinted-treatment-12-hour-primer-broad-spectrum-spf-30-sunscreen-P377542,4.24896265560166,3615,501,38,195,257,266,632,2265
P513474,caliray,Blurry Blush Longwear Cream Blush,cat60016,https://www.sephora.com/product/caliray-blurry-blush-pore-minimizing-cream-blush-with-niacinamide-P513474,4.6767676767676765,396,369,82,9,9,12,41,325
P500748,amika,Hydro Rush Intense Moisture Shampoo with Hyaluronic Acid,cat60127,https://www.sephora.com/product/hydro-rush-intense-moisture-shampoo-with-hyaluronic-acid-P500748,3.6526104417670684,498,322,113,90,46,47,79,236
P502707,N?cessaire,The Shampoo - Scalp Cleanse With Hyaluronic Acid + Niacinamide For Thinning Hair,cat60127,https://www.sephora.com/product/necessaire-the-shampoo-with-hyaluronic-acid-fragrance-free-P502707,4.377564979480164,731,632,53,49,31,27,112,512
P507330,fresh,Rose & Hyaluronic Acid Lightweight Moisturizer,cat60097,https://www.sephora.com/product/rose-hyaluronic-acid-lightweight-moisturizer-P507330,4.776456599286564,841,815,128,7,3,20,111,700
P471025,Farmacy,Filling Good Hyaluronic Acid Plumping Serum,cat60103,https://www.sephora.com/product/farmacy-filling-good-hyaluronic-acid-plumping-serum-P471025,4.284375,960,810,140,44,40,80,231,565
P470023,Dr. Dennis Gross Skincare,All-Physical Lightweight Wrinkle Defense Broad Spectrum Sunscreen SPF 30,cat920033,https://www.sephora.com/product/dr-dennis-gross-skincare-all-physical-lightweight-wrinkle-defense-broad-spectrum-sunscreen-spf-30-P470023,4.30238726790451,377,319,20,14,23,26,86,228
P482329,Youth To The People,Retinal + Niacinamide Youth Serum,cat60103,https://www.sephora.com/product/youth-to-the-people-retinal-niacinamide-youth-serum-P482329,4.497474747474747,396,356,31,19,6,19,67,285
P480286,Charlotte Tilbury,Beautiful Skin Medium Coverage Liquid Foundation with Hyaluronic Acid,cat60004,https://www.sephora.com/product/charlotte-tilbury-beautiful-skin-medium-coverage-liquid-foundation-with-hyaluronic-acid-P480286,3.7847633136094676,1352,932,307,158,159,148,238,649
P511125,Kosas,Mini DreamBeam Silicone-Free Mineral Sunscreen SPF 40 with Ceramides and Peptides,cat1830034,https://www.sephora.com/product/kosas-mini-dreambeam-silicone-free-mineral-sunscreen-spf-40-with-ceramides-peptides-P511125,3.801360544217687,735,519,209,93,68,85,135,354
P504921,Westman Atelier,Skin Activator Serum with Hyaluronic Acid + Niacinamide,cat60103,https://www.sephora.com/product/skin-activator-serum-with-hyaluronic-acid-niacinamide-P504921,4.405405405405405,37,32,5,2,2,1,6,26
P513998,Curlsmith,Shake & Shine Curl Refreshing Mist,cat1230049,https://www.sephora.com/product/curlsmith-shake-shine-curly-hair-mist-with-hyaluronic-acid-P513998,4.195121951219512,41,33,10,3,1,7,4,26
P503552,BeautyBio,GLOfacial Concentrate with Clarifying Salycilic Acid & Plumping Hyaluronic Acid,cat1170031,https://www.sephora.com/product/beautybio-glofacial-salicylic-acid-hyaluronic-acid-solution-P503552,5.0,9,9,0,0,0,0,0,9
P481697,Dermalogica,Circular Hydration Serum with Hyaluronic Acid,cat60103,https://www.sephora.com/product/dermalogica-circular-hydration-serum-with-hyaluronic-acid-P481697,4.716049382716049,405,390,99,4,5,10,64,322
P506547,Skinfix,KP+ Psoriasis Smoothing Treatment Body Lotion,cat60163,https://www.sephora.com/product/kp-pso-smoothing-body-treatment-with-niacinamide-bha-P506547,4.589341692789969,319,295,44,12,3,10,54,240
P524747,innisfree,Mini Green Tea Hyaluronic Acid Hydrating Cream for Skin Barrier Repair?,cat60097,https://www.sephora.com/product/mini-green-tea-hyaluronic-acid-hydrating-cream-for-skin-barrier-repair-P524747,4.539559014267185,771,687,142,39,22,27,79,604
P514164,N?cessaire,The Body Lotion Olibanum ? With 5 Peptides + 2.5% Niacinamide,cat60163,https://www.sephora.com/product/necessaire-the-body-lotion-olibanum-with-5-peptides-2-5-niacinamide-P514164,4.6552901023890785,293,267,60,7,16,4,17,249
P504627,Caudalie,Vinoperfect Dark Circle Brightening Eye Cream with Niacinamide,cat60107,https://www.sephora.com/product/vinoperfect-dark-circle-brightening-eye-cream-with-niacinamide-P504627,4.454545454545454,1386,1229,639,67,44,67,222,986
P517119,The INKEY List,Mini Hydrating Cream-To-Milk Cleanser with Hyaluronic Acid,cat60099,https://www.sephora.com/product/mini-hydrating-cream-to-milk-cleanser-with-hyaluronic-acid-P517119,4.481481481481482,27,24,4,1,2,1,2,21
P482696,LANEIGE,Water Bank Blue Hyaluronic Eye Cream,cat60107,https://www.sephora.com/product/laneige-water-bank-blue-hyaluronic-eye-cream-P482696,4.383928571428571,224,194,58,9,7,20,41,147
P519323,Biodance,Vita Niacinamide Gel Toner Pads,cat60101,https://www.sephora.com/product/biodance-vita-niacinamide-gel-toner-pads-P519323,3.5,2,1,0,0,1,0,0,1
P501777,Summer Fridays,Sheer Skin Tint with Hyaluronic Acid + Squalane,cat60010,https://www.sephora.com/product/sheer-skin-tint-with-hyaluronic-acid-squalane-P501777,4.0862851952770205,1101,840,144,91,99,100,145,666
P521047,U Beauty,Multimodal Sheer Mineral Sunscreen + Primer Broad Spectrum SPF 25,cat1680031,https://www.sephora.com/product/u-beauty-multimodal-sheer-mineral-sunscreen-primer-broad-spectrum-spf-25-P521047,4.653061224489796,147,138,210,4,1,5,22,115
P511095,Sol de Janeiro,Rio Radiance™ SPF 50 Shimmering Body Oil Sunscreen,cat920035,https://www.sephora.com/product/sol-de-janeiro-rio-radiance-tm-spf-50-shimmering-body-oil-sunscreen-P511095,4.233766233766234,308,243,65,32,16,10,40,210
P511942,LIGHTSAVER,Tinted - Activated Mineral Face Sunscreen Broad Spectrum - SPF 33,cat920033,https://www.sephora.com/product/lightsaver-activated-tinted-mineral-sunscreen-broad-spectrum-33-P511942,4.544554455445544,101,88,10,5,5,4,3,84
P501003,Murad,Clarifying Water Gel Moisturizer with Hyaluronic Acid,cat60097,https://www.sephora.com/product/clarifying-water-gel-moisturizer-with-hyaluronic-acid-P501003,3.857142857142857,21,15,1,6,0,0,0,15
P447212,Dr. Barbara Sturm,"Hyaluronic Serum ? High?Potency Hyaluronic Acid Serum for Deep Moisture, Plumping & Anti?Aging",cat60103,https://www.sephora.com/product/dr-barbara-sturm-hyaluronic-serum-P447212,4.162411347517731,1410,1125,362,73,64,172,353,748
P515029,Dr. Dennis Gross Skincare,Mini DermInfusions™ Plump + Repair Lip Treatment with Hyaluronic Acid,cat60109,https://www.sephora.com/product/mini-derminfusions-tm-plump-repair-lip-treatment-with-hyaluronic-acid-P515029,3.763157894736842,760,527,167,149,54,45,92,420
P474847,N?cessaire,"The Body Serum - With Hyaluronic Acid, Niacinamide + Ceramide",cat60163,https://www.sephora.com/product/necessaire-the-body-serum-with-hyaluronic-acid-P474847,4.647226173541963,703,643,84,17,17,29,71,569
P515486,AESTURA,Mini ATOBARRIER365 Cream Moisturizer with Ceramides & Niacinamide for Skin Moisture Barrier Repair,cat60097,https://www.sephora.com/product/mini-atobarrier365-cream-with-ceramides-niacinamide-for-skin-moisture-barrier-repair-P515486,4.502923976608187,513,447,72,30,16,26,35,406
P511721,Caudalie,VinoHydra Hydrating Hyaluronic Serum,cat60103,https://www.sephora.com/product/caudalie-vinohydra-hydrating-hyaluronic-serum-P511721,4.66723259762309,589,552,253,11,13,25,63,477
P510877,caliray,Sundrip Luminous Peptide Serum Bronzer,cat60018,https://www.sephora.com/product/caliray-sundrip-luminous-liquid-bronzer-with-hyaluronic-acid-peptides-P510877,4.737777777777778,225,213,55,3,2,12,17,191
P511717,Caudalie,VinoHydra Gel Moisturizer with Hyaluronic Acid & Aloe Vera,cat60097,https://www.sephora.com/product/caudalie-vinohydra-gel-moisturizer-with-hyaluronic-acid-aloe-vera-P511717,4.5054945054945055,364,321,170,16,7,20,55,266
P510292,Salt & Stone,Santal & Vetiver Hydrating Body Lotion with Niacinamide,cat60163,https://www.sephora.com/product/salt-stone-santal-vetiver-hydrating-body-lotion-with-niacinamide-P510292,4.295238095238095,105,86,43,4,9,10,11,71
P510927,Supergoop!,Mineral Unseen Sunscreen SPF 40,cat920033,https://www.sephora.com/product/supergoop-mineral-unseen-sunscreen-spf-40-P510927,4.319148936170213,376,309,64,32,18,19,36,271
P509085,N?cessaire,"The Hand Cream - Barrier Treatment with 5 Ceramides, 5 Peptides + Niacinamide",cat60176,https://www.sephora.com/product/necessaire-the-hand-cream-barrier-treatment-with-5-ceramides-5-peptides-2-5-niacinamide-P509085,4.131147540983607,61,47,2,5,6,4,7,39
P515552,Yves Saint Laurent,YSL Loveshine Plumping Lip Oil Gloss,cat60047,https://www.sephora.com/product/ysl-loveshine-plumping-lip-oil-gloss-with-hyaluronic-acid-P515552,4.3128,1250,1081,1078,64,44,99,273,770
P520250,CYKLAR,Vanilla Verve Nutrient-Rich Body Cream with Niacinamide,cat60163,https://www.sephora.com/product/cyklar-vanilla-verve-nutrient-rich-body-cream-with-niacinamide-P520250,4.8431372549019605,51,49,20,1,0,0,4,46
P517983,Isle of Paradise,Daily Defense Body Mist SPF 30 Sunscreen,cat1680032,https://www.sephora.com/product/isle-paradise-daily-defense-body-mist-spf-30-sunscreen-P517983,5.0,1,1,0,0,0,0,0,1
P512265,Saint Jane Beauty,Pore Clarity Hyaluronic + Flower Acid Cleanser,cat60099,https://www.sephora.com/product/saint-jane-beauty-pore-clarity-hyaluronic-flower-acid-cleanser-P512265,4.73404255319149,94,88,49,5,1,0,2,86
P514902,Salt & Stone,Saffron & Cedar Body Wash with Niacinamide + Probiotics,cat60161,https://www.sephora.com/product/saffron-cedar-body-wash-with-niacinamide-probiotics-P514902,4.533898305084746,118,103,76,5,3,7,12,91
P510310,Clarins,"Multi-Active Night Moisturizer for Lines, Pores, Glow with Niacinamide",cat1210033,https://www.sephora.com/product/multi-active-night-moisturizer-for-lines-pores-glow-with-niacinamide-P510310,4.520197044334975,1015,924,702,9,22,73,239,672
P454936,Dr. Barbara Sturm,Mini Hyaluronic Serum,cat1830034,https://www.sephora.com/product/dr-barbara-sturm-hyaluronic-serum-mini-P454936,4.162411347517731,1410,1125,362,73,64,172,353,748
P507458,K?rastase,Blond Absolu 2% Hyaluronic Acid Hair Serum,cat60133,https://www.sephora.com/product/blond-absolu-hyaluronic-acid-hair-serum-P507458,4.363013698630137,146,128,31,6,3,13,34,90
P500019,belif,The True Cream Aqua Bomb SPF 45 Korean Moisturizer Face Sunscreen,cat920033,https://www.sephora.com/product/the-true-cream-aqua-bomb-sunscreen-broad-spectrum-spf-50-P500019,4.399606299212598,508,455,170,7,15,57,118,311
P508851,54 Thrones,"Moisturizing Butter Cream Body Wash - Non-Stripping with Shea Butter, Ceramides and Niacinamide",cat60161,https://www.sephora.com/product/moisturizing-butter-cream-body-wash-non-stripping-with-shea-butter-ceramides-niacinamide-P508851,4.725,80,73,10,1,1,4,7,67
P506161,First Aid Beauty,Ultra Light Liquid Mineral Sunscreen with Zinc Oxide SPF 30,cat920033,https://www.sephora.com/product/first-aid-beauty-weightless-liquid-mineral-sunscreen-with-zinc-oxide-spf-30-P506161,4.403614457831325,166,144,17,3,8,16,31,108
P516208,Ultra Violette,Vibrant Screen SPF 50 Water Resistant Face and Body Sunscreen,cat920033,https://www.sephora.com/product/vibrant-screen-spf-50-water-resistant-face-body-sunscreen-P516208,4.641791044776119,201,188,29,4,3,9,29,156
P516892,REFY,Mini Blur and Hydrate Oil-Control Face Primer with Hyaluronic Acid,cat1830033,https://www.sephora.com/product/mini-blur-hydrate-oil-control-face-primer-with-hyaluronic-acid-P516892,3.6,5,2,0,0,1,2,0,2
P517940,OLEHENRIKSEN,Peach Glaze Glow Niacinamide Serum with Vitamin C,cat60103,https://www.sephora.com/product/peach-glaze-glow-niacinamide-serum-P517940,4.418918918918919,296,265,225,7,7,30,63,189
P514631,Supergoop!,Unseen Sunscreen Invisible Broad Spectrum SPF 50  PA +++,cat920033,https://www.sephora.com/product/supergoop-unseen-sunscreen-invisible-broad-spectrum-spf-50-pa-P514631,4.645220588235294,544,505,108,29,7,7,42,459
P515980,CLINIQUE,Moisture Surge™ Body Hydrator Lotion with Hyaluronic Acid,cat60163,https://www.sephora.com/product/moisture-surge-tm-body-hydrator-lotion-with-hyaluronic-acid-P515980,3.6666666666666665,3,2,0,1,0,0,0,2
P502200,Kate Somerville,HydraKate Recharging Serum with Hyaluronic Acid,cat60103,https://www.sephora.com/product/hydrakate-recharging-serum-with-hyaluronic-acid-P502200,4.723404255319149,94,90,8,1,0,5,12,76
P516573,The Ordinary,UV Filters SPF 45 Serum Sunscreen PA++++,cat920033,https://www.sephora.com/product/uv-filters-spf-45-serum-sunscreen-pa-P516573,4.395652173913043,230,196,66,17,5,15,26,167
P512976,ISDIN,Eryfotona Actinica Ultralight Mineral Sunscreen SPF 50+,cat920033,https://www.sephora.com/product/isdin-eryfotona-actinica-ultralight-mineral-sunscreen-spf-50-P512976,4.723320158102767,253,239,75,5,6,2,28,212
P520430,JOSIE MARAN,Argan Sun Milk Mineral Sunscreen Broad Spectrum SPF 33 Moisturizer Mini,cat920033,https://www.sephora.com/product/argan-sun-milk-mineral-sunscreen-broad-spectrum-spf-33-travel-size-P520430,5.0,2,2,0,0,0,0,0,2
P516216,Ultra Violette,Supreme Screen SPF 50 Facial Sunscreen Moisturizer and Primer,cat920033,https://www.sephora.com/product/supreme-screen-spf-50-facial-sunscreen-moisturizer-and-primer-P516216,4.483126110124334,563,495,91,27,27,23,56,430
P515455,ISAMAYA,Hyalurolip Lip Plumper with Hyaluronic Acid,cat60053,https://www.sephora.com/product/hyalurolip-lip-plumper-with-hyaluronic-acid-P515455,2.98,50,27,13,19,1,7,8,15
P482695,LANEIGE,Water Bank Blue Hyaluronic Gel Moisturizer with Mint Extract,cat60097,https://www.sephora.com/product/laneige-water-bank-blue-hyaluronic-gel-moisturizer-with-mint-extract-P482695,4.421731123388582,543,473,99,34,20,21,76,392
P504986,Shiseido,Urban Environment Vita-Clear SPF 42 Face Sunscreen with Vitamin C,cat1680031,https://www.sephora.com/product/shiseido-urban-environment-vita-clear-spf-42-face-sunscreen-with-vitamin-c-P504986,4.486122125297383,1261,1178,597,18,19,85,349,790
P500181,Summer Fridays,ShadeDrops Mineral Milk Sunscreen SPF 30,cat920033,https://www.sephora.com/product/shadedrops-broad-spectrum-spf-30-mineral-milk-sunscreen-P500181,3.5696793002915452,1715,1102,264,447,117,79,156,916
P505335,Clarins,Hydra-Essentiel Silky Moisturizer with Double Dose Hyaluronic Acid,cat60097,https://www.sephora.com/product/clarins-hydra-essentiel-silky-moisturizer-with-double-dose-hyaluronic-acid-P505335,4.742690058479532,171,162,44,4,3,2,15,147
P516250,Facile,Barely There Hyaluronic Acid Lightweight Moisturizer,cat60097,https://www.sephora.com/product/barely-there-hyaluronic-acid-lightweight-moisturizer-P516250,4.75,164,156,16,1,1,7,20,135
P507994,GUERLAIN,Abeille Royale Honey Treatment Day Cream with Hyaluronic Acid,cat60097,https://www.sephora.com/product/abeille-royale-honey-treatment-day-cream-with-hyaluronic-acid-P507994,4.50561797752809,356,322,237,2,9,30,81,234
P504635,Kiehl's Since 1851,Ultra Pure Hyaluronic Acid 1.5% Serum,cat60103,https://www.sephora.com/product/ultra-pure-hyaluronic-acid-1-5-serum-P504635,4.404255319148936,94,86,33,7,1,3,19,64
P520301,Danessa Myricks Beauty,Yummy Skin 10/10 Barrier Boost Hyaluronic Acid + Ectoin Plumping Serum,cat1230034,https://www.sephora.com/product/yummy-skin-10-10-barrier-boost-hyaluronic-acid-ectoin-plumping-serum-P520301,4.885106382978724,470,464,121,2,1,3,37,427
P500753,Charlotte Tilbury,Daily Glow Toner with Niacinamide,cat60101,https://www.sephora.com/product/daily-glow-toner-with-niacinamide-P500753,4.169354838709677,124,97,59,4,10,18,21,71
P513268,Sarah Creal,Brilliant Repair Shield Illuminating Broad Spectrum Face Mineral Sunscreen Serum SPF 50,cat920033,https://www.sephora.com/product/sarah-creal-brilliant-repair-shield-illuminating-broad-spectrum-face-mineral-sunscreen-serum-spf-50-P513268,4.262295081967213,122,99,54,6,9,11,17,79
P517982,Isle of Paradise,Daily Defense Face Mist SPF 50 Sunscreen,cat920033,https://www.sephora.com/product/daily-defense-face-mist-spf-50-sunscreen-P517982,4.652747252747253,455,429,82,8,10,17,62,358
P515730,Element Eight,Mini O2 Niacinamide Eight Active Serum for Dark Spots & Wrinkles,cat60103,https://www.sephora.com/product/o2-niacinamide-eight-active-serum-for-dark-spots-and-wrinkles-P515730,4.6929460580912865,241,227,251,1,3,14,33,190
P510260,Dieux,"Deliverance 3-in-1 Repair Serum for Redness, Wrinkles, Dark Spots",cat60103,https://www.sephora.com/product/dieux-deliverance-antioxidant-niacinamide-serum-for-calm-even-skin-P510260,4.759605911330049,1015,965,217,14,13,20,109,859
P510865,ALPYN,Instant Bright Eye Dark Circle Firming Cream with Niacinamide & Peptides,cat60107,https://www.sephora.com/product/alpyn-beauty-instant-bright-eye-dark-circle-firming-cream-with-niacinamide-peptides-P510865,4.570532915360501,319,289,390,11,9,12,42,245
P466123,Glow Recipe,Watermelon Glow Niacinamide Dew Drops Serum,cat60103,https://www.sephora.com/product/glow-recipe-watermelon-glow-niacinamide-dew-drops-P466123,4.264978264978265,5291,4424,1174,343,290,390,867,3401
P502710,The INKEY List,SuperSolutions 20% Niacinamide Serum,cat60103,https://www.sephora.com/product/the-inkey-list-supersolutions-20-niacinamide-serum-P502710,3.6403508771929824,114,76,51,10,16,17,33,38
P510732,First Aid Beauty,Dark Spot Serum with Niacinamide,cat60105,https://www.sephora.com/product/first-aid-beauty-dark-spot-serum-with-niacinamide-P510732,4.404040404040404,99,87,34,3,5,5,22,64
P505896,Lanc?me,Rénergie H.P.N. 300-Peptide Anti-Aging Cream,cat60097,https://www.sephora.com/product/renergie-h-p-n-300-peptide-cream-with-hyaluronic-acid-niacinamide-P505896,4.614864864864865,296,286,119,3,4,6,78,205
P479353,The INKEY List,Hyaluronic Acid Cleanser,cat60099,https://www.sephora.com/product/the-inkey-list-hyaluronic-acid-cleanser-P479353,4.121212121212121,330,268,36,25,12,38,78,177
P506840,Saint Jane Beauty,Hydrating Petal Cream - Hyaluronic Acid + Vitamin C Daily Moisturizer,cat60097,https://www.sephora.com/product/hydrating-petal-cream-hyaluronic-acid-vitamin-c-daily-moisturizer-P506840,4.7293233082706765,133,126,62,4,2,2,10,115
P507322,caliray,Socal Superbloom Dewy Lip & Cheek Soft Stain Tint,cat60016,https://www.sephora.com/product/socal-superbloom-lip-cheek-blush-hydrating-soft-stain-with-hyaluronic-acid-P507322,4.508771929824562,342,304,60,11,13,17,51,250
P515032,SOFIE PAVITT FACE,Nice Ice Frozen Cryo Rescue Treatment to Depuff and Calm Skin,cat60101,https://www.sephora.com/product/nice-ice-frozen-toner-pods-with-niacinamide-to-depuff-soothe-P515032,4.753521126760563,142,136,3,3,1,3,14,121
P397664,Jack Black,Oil-Free Sun Guard SPF 45 Sunscreen,cat920033,https://www.sephora.com/product/oil-free-sun-guard-sunscreen-water-resistant-spf-45-P397664,4.598684210526316,152,116,1,1,9,4,22,116
P517650,Hanyul,Mini Yuja Brightening Sleeping Mask with Vitamin C and Niacinamide,cat920041,https://www.sephora.com/product/mini-yuja-brightening-sleeping-mask-with-vitamin-c-niacinamide-P517650,4.545454545454546,33,29,8,1,2,1,3,26
P479318,Farmacy,10% Niacinamide Night Mask,cat920041,https://www.sephora.com/product/farmacy-10-niacinamide-night-mask-P479318,4.537340619307832,1098,990,147,48,25,46,149,830
P511562,N?cessaire,The Body Wash Eucalyptus - Nourishing Treatment Cleanse With Lipid-Rich Oils + Niacinamide With Pump,cat60161,https://www.sephora.com/product/necessaire-the-body-wash-eucalyptus-nourishing-treatment-cleanse-with-lipid-rich-oils-niacinamide-with-pump-P511562,4.2556701030927835,485,385,54,32,30,43,57,323
P509767,DIOR,Capture Totale Hyalushot: Wrinkle Corrector with Hyaluronic Acid,cat60103,https://www.sephora.com/product/dior-capture-totale-hyalushot-wrinkle-corrector-with-hyaluronic-acid-P509767,4.101492537313433,335,271,193,6,20,54,109,146
P522062,Evereden,Moisturizing Mineral Sunscreen SPF50 Pro for Sensitive Skin,cat920033,https://www.sephora.com/product/fluid-silk-mineral-sunscreen-spf50-pro-P522062,4.645833333333333,48,47,53,0,1,0,14,33
P509265,Youth To The People,Mini Superfood Air-Whip Lightweight Face Moisturizer with Hyaluronic Acid,cat1830034,https://www.sephora.com/product/youth-to-the-people-mini-superfood-air-whip-lightweight-face-moisturizer-with-hyaluronic-acid-P509265,4.282502810041214,2669,2270,878,217,98,112,529,1713
P517678,Beauty of Joseon,Day Dew Sunscreen Lightweight SPF 50,cat920033,https://www.sephora.com/product/day-dew-sunscreen-exclusive-50ml-P517678,4.038011695906433,342,267,145,39,27,22,48,206
P516436,Hanyul,Yuja Brightening Sleeping Mask with Vitamin C and Niacinamide,cat920041,https://www.sephora.com/product/yuja-brightening-sleeping-mask-with-vitamin-c-niacinamide-P516436,4.696750902527076,277,264,56,10,1,7,27,232
P514878,First Aid Beauty,Hydrating Dewy Gel Cream Moisturizer with Hyaluronic Acid + Ceramides,cat60097,https://www.sephora.com/product/hydrating-dewy-gel-cream-moisturizer-with-hyaluronic-acid-ceramides-P514878,4.644295302013423,149,133,47,7,1,5,12,124
P506799,Dr. Jart+,Vital Hydra Solution™ Hydro Plump Treatment Essence with Hyaluronic Acid,cat1210035,https://www.sephora.com/product/vital-hydra-solution-tm-hydro-plump-treatment-essence-with-hyaluronic-acid-P506799,4.469387755102041,49,42,4,4,2,1,2,40
P517120,Kulfi,Double Life Pore Blurring Serum Primer with Niacinamide & Tranexamic Acid,cat60012,https://www.sephora.com/product/double-life-pore-blurring-serum-primer-with-niacinamide-tranexamic-acid-P517120,4.654970760233918,171,160,111,4,1,9,22,135
P506899,Fenty Beauty by Rihanna,Mini Fat Water Niacinamide Pore-Refining Toner Serum with Barbados Cherry,cat60101,https://www.sephora.com/product/mini-fat-water-niacinamide-pore-refining-toner-serum-with-barbados-cherry-P506899,4.428571428571429,42,37,7,3,2,1,4,32
P410101,CLINIQUE,SPF 50 Mineral Facial Sunscreen,cat920033,https://www.sephora.com/product/broad-spectrum-spf-50-mineral-sunscreen-fluid-for-face-P410101,3.4742268041237114,97,52,2,13,15,18,15,36
P515919,CLINIQUE,Moisture Surge™ Active Glow Serum with Hyaluronic Acid,cat60103,https://www.sephora.com/product/moisture-surge-tm-active-glow-serum-with-hyaluronic-acid-P515919,4.6124161073825505,596,563,540,4,11,22,138,421
P521046,U Beauty,The PLASMA Lip Compound Tinted Lip Treatment with Peptides + Hyaluronic Acid,cat60109,https://www.sephora.com/product/u-beauty-the-plasma-lip-compound-tinted-lip-treatment-with-peptides-hyaluronic-acid-P521046,3.8181818181818183,11,8,1,2,0,1,3,5
P516212,Ultra Violette,Sheen Screen SPF 50 Hydrating Sunscreen Lip Balm,cat60109,https://www.sephora.com/product/sheen-screen-spf-50-hydrating-sunscreen-lip-balm-P516212,4.515151515151516,264,227,58,9,8,19,30,198
P510013,LANEIGE,Mini Water Bank Blue Hyaluronic Cream Moisturizer for Moisture Barrier Repair,cat60097,https://www.sephora.com/product/mini-water-bank-blue-hyaluronic-cream-moisturizer-for-moisture-barrier-repair-P510013,4.6183206106870225,131,123,37,2,0,10,22,97
P443764,Kosas,Kosasport LipFuel Hyaluronic Acid Lip Balm,cat60057,https://www.sephora.com/product/lip-fuel-hyaluronic-lip-balm-P443764,4.009536784741145,734,543,39,45,72,95,141,381
P500739,Charlotte Tilbury,Mini Daily Glow Toner with Niacinamide,cat1830034,https://www.sephora.com/product/mini-daily-glow-toner-with-niacinamide-P500739,3.3846153846153846,39,23,10,9,3,6,6,15
P517007,Armani Beauty,Golden Hour 24HR Lightweight Skin Tint with Hyaluronic Acid,cat60004,https://www.sephora.com/product/golden-hour-24hr-lightweight-skin-tint-with-hyaluronic-acid-P517007,4.485607008760951,1598,1465,1463,17,41,126,379,1035
P512704,KORA Organics,Kakadu Plum Brightening Vitamin C Serum with Hyaluronic Acid,cat60103,https://www.sephora.com/product/kora-organics-kakadu-plum-brightening-vitamin-c-serum-with-hyaluronic-acid-P512704,4.803030303030303,132,126,32,2,2,1,10,117
P510515,Tatcha,The Silk Sunscreen SPF 50 Weightless Mineral Sunscreen,cat920033,https://www.sephora.com/product/tatcha-the-silk-sunscreen-spf-50-weightless-mineral-sunscreen-P510515,4.439803439803439,407,351,89,21,20,18,48,300
P481170,The Ordinary,Natural Moisturizing Factors + Hyaluronic Acid Scalp Serum,cat60133,https://www.sephora.com/product/the-ordinary-natural-moisturing-factors-hyaluronic-acid-scalp-serum-P481170,3.842814371257485,668,506,149,51,53,111,188,265
P500713,amika,Hydro Rush Intense Moisture Conditioner with Hyaluronic Acid,cat60131,https://www.sephora.com/product/hydro-rush-intense-moisture-conditioner-with-hyaluronic-acid-P500713,3.751662971175166,451,308,108,69,42,40,81,219
P468223,tarte,mini BB blur natural matte tinted moisturizer Broad Spectrum SPF 30 Sunscreen,cat960033,https://www.sephora.com/product/tarte-mini-bb-tinted-treatment-12-hour-primer-broad-spectrum-spf-30-sunscreen-P468223,2.765432098765432,81,33,9,26,18,7,9,21
P505340,OLEHENRIKSEN,Banana Bright Mineral Face Sunscreen SPF 30,cat920033,https://www.sephora.com/product/ole-henriksen-banana-bright-mineral-sunscreen-30-P505340,4.390243902439025,246,214,48,10,14,17,34,171
P506117,Isle of Paradise,Brilliantly Bright Body Polish Scrub with Vitamin C & Niacinamide,cat60165,https://www.sephora.com/product/brilliantly-bright-body-polish-scrub-with-vitamin-c-niacinamide-P506117,4.652733118971061,311,290,86,3,2,20,50,236
P481396,Kosas,Revealer Skin-Improving Foundation SPF 25 with Hyaluronic Acid and Niacinamide,cat60004,https://www.sephora.com/product/kosas-revealer-skin-improving-foundation-spf25-with-hyaluronic-acid-niacinamide-P481396,3.6220752797558493,1966,1286,722,387,169,184,286,940
P506156,amika,Hydro Rush Intense Moisture Hair Mask with Hyaluronic Acid,cat1660033,https://www.sephora.com/product/amika-hydro-rush-intense-moisture-hair-mask-with-hyaluronic-acid-P506156,4.500386697602475,1293,1200,385,21,24,75,340,833
P520236,CYKLAR,Sacred Santal Nutrient-Rich Body Cream with Niacinamide,cat60163,https://www.sephora.com/product/cyklar-sacred-santal-nutrient-rich-body-cream-with-niacinamide-P520236,4.875,48,47,17,0,0,1,4,43
P510563,Hello Sunday,The Mineral One SPF 50 Hydrating and Luminating Face Serum with Hyaluronic Acid,cat60103,https://www.sephora.com/product/hello-sunday-the-mineral-one-spf-50-hydrating-luminating-face-serum-with-hyaluronic-acid-P510563,3.658536585365854,82,57,47,9,6,14,28,25
P509659,CAY SKIN,Mo'Bay Mineral Sunscreen Drops SPF 30,cat920033,https://www.sephora.com/product/mo-bay-mineral-sunscreen-drops-spf-30-P509659,4.648044692737431,179,163,111,7,4,4,15,149
P517061,The INKEY List,Hydrating Cream-To-Milk Cleanser with Hyaluronic Acid,cat60099,https://www.sephora.com/product/the-inkey-list-hydrating-cream-to-milk-cleanser-with-hyaluronic-acid-P517061,4.740041928721174,477,457,108,3,7,15,61,391
P469511,Paula's Choice,CLINICAL Niacinamide 20% Treatment,cat60103,https://www.sephora.com/product/paula-s-choice-clinical-niacinamide-20-treatment-P469511,4.510526315789473,760,688,364,20,18,47,144,531
P504002,amika,Water Sign Hydrating Hair Oil with Hyaluronic Acid,cat1120033,https://www.sephora.com/product/amika-water-sign-hydrating-hair-oil-with-hyaluronic-acid-P504002,3.574468085106383,188,116,24,34,22,19,28,85
P516249,Facile,Brighten 5% Niacinamide Serum for Dark Spots & Uneven Texture,cat60103,https://www.sephora.com/product/brighten-5-niacinamide-serum-for-dark-spots-uneven-texture-P516249,4.825757575757576,132,130,19,2,0,1,13,116
P423254,Peter Thomas Roth,Water Drench Hyaluronic Cloud Hydra-Gel Eye Patches,cat1600036,https://www.sephora.com/product/water-drench-hyaluronic-cloud-hydra-gel-eye-patches-P423254,3.944,375,272,8,39,34,38,62,202
P516209,Facile,Bare Necessity Hyaluronic Acid Gentle Foaming Cleanser,cat60099,https://www.sephora.com/product/bare-necessity-hyaluronic-acid-gentle-foaming-cleanser-P516209,4.590551181102362,127,119,15,4,2,5,20,96
P504795,Glossier,Super Bounce Hyaluronic Acid + Vitamin B5 Hydrating Face Serum,cat60103,https://www.sephora.com/product/glossier-super-bounce-hyaluronic-acid-vitamin-b5-hydrating-face-serum-P504795,4.4125874125874125,143,121,7,3,6,14,26,94
P514198,Then I Met You,Essence Light Serum Sunscreen Broad Spectrum SPF 50 PA +++ with Hyaluronic Acid,cat920033,https://www.sephora.com/product/then-i-met-you-essence-light-sunscreen-broad-spectrum-moisturizer-spf-50-pa-P514198,4.611111111111111,126,112,16,3,5,5,12,101
P506458,54 Thrones,Barrier Repair Cloud Body Cream with Peptides + Hyaluronic Acid,cat60163,https://www.sephora.com/product/barrier-repair-cloud-body-cream-with-peptides-hyaluronic-acid-P506458,4.535211267605634,213,188,45,12,8,8,11,174
P477829,Tower 28 Beauty,SunnyDays SPF 30 Tinted Sunscreen Foundation,cat60004,https://www.sephora.com/product/tower-28-sunnydays-spf-30-tinted-sunscreen-foundation-P477829,4.003217158176944,1865,1382,257,177,180,175,261,1072
P446942,The INKEY List,Niacinamide Oil Control Serum,cat60103,https://www.sephora.com/product/niacinamide-P446942,4.160550458715596,1090,907,48,56,65,109,278,582
P510760,Charlotte Tilbury,Magic Revival Foaming Gentle Cleanser with Hyaluronic Acid,cat60099,https://www.sephora.com/product/charlotte-tilbury-magic-revival-foaming-gentle-cleanser-with-hyaluronic-acid-P510760,4.472803347280335,478,423,309,17,13,32,81,335
P506027,Dr. Dennis Gross Skincare,All-Physical Ultimate Defense Broad Spectrum Sunscreen SPF 50 PA++++,cat920033,https://www.sephora.com/product/all-physical-ultimate-defense-broad-spectrum-sunscreen-spf-50-pa-P506027,3.5847457627118646,118,73,9,24,13,10,12,59
P456218,Supergoop!,Glowscreen SPF 40 Sunscreen with Hyaluronic Acid + Niacinamide,cat920033,https://www.sephora.com/product/supergoop-glowscreen-sunscreen-spf-40-P456218,3.935020306154327,3201,2310,335,365,298,287,481,1770
P515946,Biodance,Radiant Vita Niacinamide Real Deep Mask ? 4 Pack for Brightening Dull Skin & Dark Spot Care,cat1440040,https://www.sephora.com/product/radiant-vita-niacinamide-real-deep-mask-for-brightening-dull-skin-dark-spot-care-P515946,4.571428571428571,168,158,143,4,2,6,38,118
P520228,CYKLAR,Naked Neroli Nutrient-Rich Body Cream with Niacinamide,cat60163,https://www.sephora.com/product/cyklar-naked-neroli-nutrient-rich-body-cream-with-niacinamide-P520228,4.94,50,50,17,0,0,0,3,47
P516758,Isle of Paradise,Daily Defense Face Fluid SPF 50 Sunscreen,cat920033,https://www.sephora.com/product/daily-defense-face-fluid-spf-50-sunscreen-P516758,4.810344827586207,406,400,91,2,2,4,55,343
P518614,Prada,Hydrating Hand Cream with Niacinamide & Biotin,cat60176,https://www.sephora.com/product/hydrating-hand-cream-with-niacinamide-biotin-P518614,4.26775956284153,549,446,637,8,25,84,127,305
P520201,Charlotte Tilbury,Magic Cream Anti-Aging Moisturizer with Hyaluronic Acid,cat60097,https://www.sephora.com/product/magic-cream-anti-aging-moisturizer-with-hyaluronic-acid-P520201,4.648550724637682,276,261,309,1,4,17,47,207
P510355,Supergoop!,Protec(tint) Daily SPF Tint SPF 50 Sunscreen Skin Tint with Ectoin,cat60010,https://www.sephora.com/product/supergoop-protec-tint-daily-spf-tint-spf-50-sunscreen-skin-tint-with-hyaluronic-acid-infused-clay-P510355,3.948024948024948,962,700,158,130,80,66,120,566
P505339,Kiehl's Since 1851,Ultra Pure High-Potency 5.0% Niacinamide Serum,cat60103,https://www.sephora.com/product/kiehls-ultra-pure-high-potency-5-0-niacinamide-serum-P505339,4.366666666666666,90,77,15,4,2,6,23,55
P513600,Dr. Barbara Sturm,"Super Anti-Aging Dual Serum ? Multi-Phase Hyaluronic Acid & Ceramide-Peptide Serum to Reduce Fine Lines, Boost Firmness & Deep Hydration",cat60103,https://www.sephora.com/product/dr-barbara-sturm-super-anti-aging-dual-serum-with-triple-hyaluronic-acid-glutathione-skullcap-ceramide-peptide-complex-P513600,4.552238805970149,67,60,70,1,3,4,9,50
P516911,ONE/SIZE by Patrick Starrr,On 'Til Dawn Mattifying Sunscreen Makeup Setting Spray SPF 28,cat60008,https://www.sephora.com/product/one-size-by-patrick-starrr-on-til-dawn-mattifying-sunscreen-makeup-setting-spray-spf-28-P516911,4.320987654320987,486,406,90,57,12,12,42,363
P510356,Salt & Stone,Bergamot & Hinoki Refillable Body Wash with Niacinamide + Probiotic,cat60161,https://www.sephora.com/product/salt-stone-bergamot-hinoki-refillable-body-wash-with-niacinamide-probiotic-P510356,4.281481481481482,135,107,36,7,12,11,11,94
P509697,Supergoop!,Superscreen Rich Hydrating Cream SPF 40 Moisturizer Face Sunscreen,cat920033,https://www.sephora.com/product/supergoop-superscreen-rich-hydrating-cream-spf-40-moisturizer-face-sunscreen-P509697,4.57286432160804,199,181,24,7,4,5,35,148
P476414,Sunday Riley,5 Stars Retinol + Niacinamide Eye Serum,cat60107,https://www.sephora.com/product/sunday-riley-5-stars-retinoid-niacinamide-eye-serum-P476414,4.527161862527716,1804,1645,305,110,23,37,270,1364
P516748,RANAVAT,"Daily Brightening Mineral Face Sunscreen, SPF 50+ with Saffron for Dark Spots and Squalane for Moisture",cat920033,https://www.sephora.com/product/radiant-rani-daily-brightening-mineral-sunscreen-spf-50-with-saffron-P516748,4.614814814814815,135,129,124,2,1,6,29,97
P482010,IT Cosmetics,CC+ Nude Glow Lightweight Foundation + Glow Serum with SPF 40 and Niacinamide,cat60004,https://www.sephora.com/product/it-cosmetics-cc-nude-glow-lightweight-foundation-glow-serum-spf-40-niacinamide-P482010,4.338439095550693,2742,2438,1472,89,114,222,672,1645
P510554,Hello Sunday,The Everyday One SPF 50 Face Sunscreen Moisturizer with Hyaluronic Acid,cat920033,https://www.sephora.com/product/hello-sunday-the-everyday-one-spf-50-face-moisturizer-with-hyaluronic-acid-P510554,4.277027027027027,148,128,86,4,7,13,44,80
P415701,Peter Thomas Roth,Water Drench? Hyaluronic Cloud Cream Hydrating Refillable Moisturizer,cat60097,https://www.sephora.com/product/water-drench-hyaluronic-cloud-cream-P415701,4.153191489361702,2115,1292,83,180,165,156,264,1350
P517869,innisfree,Mini Daily Vitamin C Korean Brightening Toner Pads with Niacinamide for Dark Spots?,cat60101,https://www.sephora.com/product/innisfree-mini-daily-vitamin-c-korean-brightening-toner-pads-with-niacinamide-for-dark-spots-P517869,4.5920245398773005,326,295,76,15,11,5,30,265
P480628,Paula's Choice,10% Niacinamide Booster,cat60103,https://www.sephora.com/product/paulas-choice-10-niacinamide-booster-P480628,4.684210526315789,323,303,64,10,4,7,36,266
P510438,Saie,Slip Tint Radiant All-Over Concealer with Niacinamide,cat60014,https://www.sephora.com/product/saie-slip-tint-radiant-all-over-concealer-with-niacinamide-P510438,4.047794117647059,544,406,134,45,65,40,63,331
P506132,Stripes,Power Move Plumping + Hydrating Serum with Hyaluronic Acid,cat60103,https://www.sephora.com/product/power-move-plumping-hydrating-serum-with-hyaluronic-acid-P506132,4.296875,64,59,36,1,1,9,20,33
P510362,Salt & Stone,Black Rose & Oud Nourishing Hand Cream with Niacinamide + Seaweed Extract,cat60176,https://www.sephora.com/product/salt-stone-black-rose-oud-nourishing-hand-cream-with-niacinamide-seaweed-extract-P510362,4.216216216216216,37,30,8,2,4,4,1,26
P519464,KORA Organics,Turmeric Glow Drops Pore-Minimizing Niacinamide Alternative Serum,cat60103,https://www.sephora.com/product/kora-organics-turmeric-glow-drops-pore-minimizing-niacinamide-alternative-serum-P519464,4.612403100775194,258,244,261,2,2,13,60,181
P520283,CYKLAR,Bergamot Bond Nutrient-Rich Body Cream with Niacinamide,cat60163,https://www.sephora.com/product/cyklar-bergamot-bond-nutrient-rich-body-cream-with-niacinamide-P520283,4.877551020408164,49,49,14,0,0,1,4,44
P506907,DAMDAM,Citrus Glow Vitamin C & Hyaluronic Acid Serum,cat60103,https://www.sephora.com/product/citrus-glow-vitamin-c-hyaluronic-acid-serum-P506907,4.83248730964467,197,194,41,2,0,3,19,173
P511710,Sulwhasoo,UV Daily Cream Broad Spectrum SPF 40 Sunscreen,cat920033,https://www.sephora.com/product/sulwhasoo-uv-daily-cream-broad-spectrum-spf-40-sunscreen-P511710,4.808080808080808,99,96,27,0,1,2,12,84
P519555,N?cessaire,Cypr?s-Citronn? Body Lotion With 2.5% Niacinamide,cat60163,https://www.sephora.com/product/necessaire-cypres-citronne-body-lotion-with-2-5-niacinamide-P519555,4.905027932960894,179,175,38,0,0,4,9,166
P472466,fresh,Mini Rose & Hyaluronic Acid Deep Hydration Moisturizer,cat60097,https://www.sephora.com/product/fresh-mini-rose-hyaluronic-acid-deep-hydration-moisturizer-P472466,3.7596153846153846,104,72,9,16,11,7,18,52
P512927,JOSIE MARAN,Argan Sun Milk Mineral Sunscreen Broad Spectrum SPF 33 Moisturizer,cat920033,https://www.sephora.com/product/josie-maran-argan-sun-milk-mineral-sunscreen-broad-spectrum-spf-33-moisturizer-P512927,4.5376661742983755,677,617,281,25,18,30,99,505
P520051,Rare Beauty by Selena Gomez,Find Comfort: Feel Seen Body & Hair Fragrance Mist with Niacinamide,cat1200068,https://www.sephora.com/product/rare-beauty-by-selena-gomez-find-comfort-feel-seen-body-hair-fragrance-mist-with-niacinamide-P520051,4.6749116607773855,283,266,82,8,4,7,34,230
P468211,Saie,Sunvisor Radiant Moisturizing Face Sunscreen SPF 35,cat920033,https://www.sephora.com/product/saie-sunvisor-moisturizing-sunscreen-spf-35-P468211,3.8620689655172415,261,179,14,29,24,39,31,138
P519103,Sincerely Yours,"Sunny Side Up Hydrating Mineral Sunscreen, Broad Spectrum Protection SPF 30 PA+++",cat920033,https://www.sephora.com/product/sunny-side-up-mineral-spf-30-sunscreen-P519103,4.559055118110236,127,118,74,2,3,5,29,88
P517099,YSE Beauty,Morning Cocktail Vitamin C Serum with Niacinamide + Azelaic Acid,cat60103,https://www.sephora.com/product/yse-beauty-morning-cocktail-vitamin-c-serum-with-niacinamide-azelaic-acid-P517099,4.6923076923076925,91,85,79,1,2,2,14,72
P520668,Peter Thomas Roth,Water Drench? Hyaluronic Balm Barrier Cream Moisturizer for Redness and Dry Skin,cat1230034,https://www.sephora.com/product/water-drench-hyaluronic-balm-P520668,4.84,175,172,84,2,0,1,18,154
P514917,Dr. Dennis Gross Skincare,Mini DermInfusions™ Blur + Repair Cream with Hyaluronic Acid and Peptides,cat60097,https://www.sephora.com/product/mini-derminfusions-tm-blur-repair-cream-with-hyaluronic-acid-peptides-P514917,3.909090909090909,11,7,2,1,2,1,0,7
P515888,Tatcha,Mini The Silk Sunscreen SPF 50 Weightless Mineral Sunscreen,cat920033,https://www.sephora.com/product/mini-silk-sunscreen-spf-50-weightless-mineral-sunscreen-P515888,3.6,10,6,0,0,1,5,1,3
P511290,Peter Thomas Roth,Potent-C™ Niacinamide Discoloration Treatment,cat1170031,https://www.sephora.com/product/peter-thomas-roth-potent-c-niacinamide-discoloration-treatment-P511290,4.758771929824562,228,220,53,5,2,4,21,196
P510064,MAKE UP FOR EVER,HD Skin Hydra Glow Hydrating Foundation with Hyaluronic Acid,cat60004,https://www.sephora.com/product/make-up-for-ever-hd-skin-hydra-glow-skincare-foundation-with-hyaluronic-acid-P510064,4.374277456647399,692,586,176,37,38,44,83,490
P509965,SEPHORA COLLECTION,Soothing Moisturizer with Hyaluronic Acid,cat60097,https://www.sephora.com/product/soothing-moisturizer-with-hyaluronic-acid-P509965,4.170616113744076,211,173,99,23,10,13,27,138
P515589,Tatcha,Plump + Protect SPF 50 Hydration + Sunscreen Duo,cat60105,https://www.sephora.com/product/tatcha-plump-protect-spf-50-hydration-sunscreen-duo-P515589,5.0,4,4,0,0,0,0,0,4
P509673,Saint Jane Beauty,Star Flower Hydration Serum with Niacinamide and Hyaluronic Acid,cat60103,https://www.sephora.com/product/saint-jane-beauty-star-flower-hydration-serum-with-niacinamide-hyaluronic-acid-P509673,4.809859154929577,142,136,118,1,2,3,11,125
P519734,Rare Beauty by Selena Gomez,Find Comfort Lip Butter Balm + Overnight Mask with Hyaluronic Acid Butter,cat60057,https://www.sephora.com/product/find-comfort-lip-butter-balm-overnight-mask-with-hyaluronic-acid-butter-P519734,4.773980815347722,1668,1604,560,11,22,49,169,1417
P516565,Shiseido,Ultimate Sun Protector Cream SPF 50 Sunscreen,cat920033,https://www.sephora.com/product/ultimate-sun-protector-cream-spf-50-sunscreen-P516565,2.0,3,1,2,2,0,0,1,0
P513880,Act+Acre,4% Niacinamide Scalp Serum For Oily Scalp + Hair,cat60133,https://www.sephora.com/product/act-acre-4-niacinamide-scalp-serum-for-oily-scalp-hair-P513880,4.744827586206896,145,141,54,2,2,3,17,121
P514932,Iris&Romeo,Skin Cocoon Barrier Repair Glow Serum with Peptides & Niacinamide,cat60103,https://www.sephora.com/product/skin-cocoon-barrier-repair-glow-serum-with-peptides-and-niacinamide-P514932,4.804597701149425,87,81,17,1,0,5,3,78
P509844,Glow Recipe,Watermelon Glow Niacinamide Hue Drops Serum,cat60103,https://www.sephora.com/product/glow-recipe-watermelon-glow-niacinamide-hue-drops-sun-glow-serum-P509844,4.41729797979798,1584,1382,387,70,70,101,231,1112
P522068,Skinfix,Ceramide Prime Whipped Cream with Niacinamide for Smoothing,cat60097,https://www.sephora.com/product/ceramide-prime-whipped-cream-with-niacinamide-for-smoothing-P522068,4.876106194690266,226,222,133,0,0,5,18,203
P515372,Glow Recipe,Mini Watermelon Glow Niacinamide Hue Drops Sun Glow Serum,cat60103,https://www.sephora.com/product/mini-watermelon-glow-niacinamide-hue-drops-sun-glow-serum-P515372,4.2405063291139244,79,65,19,2,7,9,13,48
P504240,Fenty Beauty by Rihanna,Mini Instant Reset Brightening Overnight Recovery Gel-Cream With Niacinamide + Kalahari Melon Oil,cat60097,https://www.sephora.com/product/fenty-skin-rihanna-mini-instant-reset-brightening-overnight-recovery-gel-cream-with-niacinamide-kalahari-melon-oil-P504240,3.962655601659751,241,178,32,29,20,20,34,138
P469110,Kate Somerville,KateCeuticals® Firming Serum with Hyaluronic Acid,cat60103,https://www.sephora.com/product/kate-somerville-kateceuticals-firming-serum-with-hyaluronic-acid-P469110,4.747126436781609,87,84,22,3,0,1,8,75
P448548,Dr. Barbara Sturm,Darker Skin Tones Hyaluronic Serum,cat60103,https://www.sephora.com/product/dr-barbara-sturm-darker-skin-tones-hyaluronic-serum-P448548,4.083333333333333,12,10,1,2,0,0,3,7
P482693,LANEIGE,Water Bank Blue Hyaluronic Cream Moisturizer for Moisture Barrier Repair,cat60097,https://www.sephora.com/product/laneige-water-bank-blue-hyaluronic-cream-moisturizer-P482693,4.301531728665208,2285,1917,520,174,110,116,338,1547
P509881,StriVectin,Hydration Multiplier Hyaluronic Acid Face Serum with Ceramides,cat60103,https://www.sephora.com/product/strivectin-hydration-multiplier-hyaluronic-acid-face-serum-with-ceramides-P509881,4.755395683453237,139,132,28,3,1,3,13,119
P512885,Bobbi Brown,Weightless Skin Oil-Controlling Foundation SPF 15 with Hyaluronic Acid,cat60004,https://www.sephora.com/product/weightless-skin-oil-controlling-foundation-spf-15-with-hyaluronic-acid-P512885,4.749217935349322,1918,1846,679,16,26,35,269,1572
P432298,Too Faced,Born This Way Super Coverage Multi-Use Concealer with Hyaluronic Acid,cat60014,https://www.sephora.com/product/born-this-way-super-coverage-multi-use-concealer-with-hyaluronic-acid-P432298,4.257461968033891,5193,4329,690,275,331,434,895,3258
P482320,Supergoop!,Mini Glowscreen Sunscreen SPF 40 with Hyaluronic Acid + Niacinamide,cat920033,https://www.sephora.com/product/supergoop-mini-glowscreen-sunscreen-spf-40-pa-P482320,3.7857142857142856,2562,1734,231,344,279,266,366,1307
P506789,Dr. Dennis Gross Skincare,DermInfusions™ Plump + Repair Tinted Lip Treatment with Hyaluronic Acid,cat60109,https://www.sephora.com/product/derminfusions-tm-plump-repair-lip-treatment-with-hyaluronic-acid-P506789,3.9258517034068134,998,741,244,157,62,55,148,576
P515731,Element Eight,O2 Hyaluronic Acid Hydrate Correct Cream for Dry Skin,cat60097,https://www.sephora.com/product/o2-hyaluronic-acid-hydrate-correct-cream-for-dry-skin-P515731,4.823529411764706,85,83,75,0,1,0,12,72
P505265,Shiseido,Eudermine Activating Essence with Hyaluronic Acid,cat1210035,https://www.sephora.com/product/shiseido-eudermine-activating-essence-with-hyaluronic-acid-P505265,4.6268518518518515,1080,1031,510,9,9,60,220,782
P456398,Shiseido,Ultimate Sun Protector Face and Body Lotion Sunscreen SPF 60+,cat920033,https://www.sephora.com/product/shiseido-ultimate-sun-protector-face-and-body-lotion-spf-60-sunscreen-P456398,4.428220104518906,3253,2938,646,103,83,203,793,2071
P514880,Laura Mercier,Mini Long-Wear Tinted Moisturizer Natural Dewy Skin Tint SPF 30 with Hyaluronic Acid,cat60010,https://www.sephora.com/product/mini-long-wear-tinted-moisturizer-natural-dewy-spf-30-with-hyaluronic-acid-P514880,3.7555555555555555,45,30,11,8,4,4,4,25
P510342,Salt & Stone,Bergamot & Hinoki Hydrating Body Lotion with Niacinamide,cat60163,https://www.sephora.com/product/salt-stone-bergamot-hinoki-hydrating-body-lotion-with-niacinamide-P510342,4.170212765957447,47,37,14,5,2,4,5,31
P512977,ISDIN,Eryfotona Ageless Ultralight Tinted Mineral Sunscreen SPF 50,cat920033,https://www.sephora.com/product/isdin-eryfotona-ageless-ultralight-tinted-mineral-sunscreen-spf-50-P512977,4.680608365019012,263,249,79,4,6,7,36,210
P482322,Supergoop!,Mini Mineral Mattescreen Sunscreen SPF 40,cat920033,https://www.sephora.com/product/supergoop-mini-mineral-mattescreen-sunscreen-spf-40-pa-P482322,3.8333333333333335,60,42,4,10,4,6,6,34
P472454,Caudalie,VinoHydra Sorbet Cream Moisturizer with Hyaluronic Acid,cat60097,https://www.sephora.com/product/caudalie-vinohydra-sorbet-cream-moisturizer-with-hyaluronic-acid-P472454,4.267035775127768,2348,1309,239,110,123,199,514,1402
P511171,Biossance,Zinc Sheer Hydrating Mineral Face Sunscreen SPF 30 with Ectoin + Squalane,cat920033,https://www.sephora.com/product/biossance-squalane-zinc-sheer-hydrating-mineral-sunscreen-spf-30-with-ectoin-P511171,3.172222222222222,180,93,25,48,27,15,26,64
P515371,Glow Recipe,Watermelon Glow Niacinamide Dewy Flush - Brightening Serum Blush,cat60016,https://www.sephora.com/product/watermelon-glow-niacinamide-dewy-flush-brightening-serum-blush-P515371,4.617647058823529,1122,1044,406,32,26,45,133,886
